ticker,shortName,sector,marketCap,previousClose,open,dayHigh,dayLow,volume,averageVolume,beta,trailingPE,forwardPE,priceToBook,fiftyTwoWeekHigh,fiftyTwoWeekLow,dividendYield,returnOnEquity
MMM,3M Company,Industrials,80986398720,151.27,150.605,153.88,150.1492,3484737,3340959,1.079,21.001383,19.246836,18.878819,164.15,119.31,1.93,0.9476
AOS,A.O. Smith Corporation,Industrials,9953433600,72.06,71.62,71.93,70.865,1109333,1714665,1.203,19.785515,17.452087,5.39209,92.06,58.83,1.89,0.27603
ABT,Abbott Laboratories,Healthcare,219828781056,126.54,126.15,126.99,125.625,8163228,6793813,0.732,15.8532,24.486435,4.5036535,141.23,102.78,1.87,
ABBV,AbbVie Inc.,Healthcare,336110419968,190.28,191.21,191.1834,187.65,2186481,6334696,0.481,81.25862,15.541633,234.47762,218.66,163.81,3.45,0.884
ACN,Accenture plc,Technology,172555190272,283.15,280.19,280.99,275.71,3688145,3315362,1.293,22.039778,19.690123,5.6463876,398.35,273.19,2.09,0.26928
ADBE,Adobe Inc.,Technology,156729180160,370.74,371.0,372.4,368.73,2979888,3524426,1.509,23.668802,17.979076,13.781053,587.75,332.01,,0.52254003
AMD,"Advanced Micro Devices, Inc.",Technology,281572343808,166.47,163.505,174.7,168.68,67534071,48473616,2.045,122.295784,34.050983,4.8485355,174.7,76.48,,0.03904
AES,The AES Corporation,Utilities,9618079744,13.8,13.81,13.84,13.435,7184363,17948329,0.941,7.3423915,6.655173,2.773558,20.3,9.46,5.1,0.05583
AFL,AFLAC Incorporated,Financial Services,54540263424,103.37,103.0,103.29,100.735,1349216,2294014,0.798,15.688958,14.069735,2.077858,115.5,94.87,2.24,0.14408
A,"Agilent Technologies, Inc.",Healthcare,33957130240,120.18,119.41,120.77,118.72,1679047,2024796,1.232,29.44335,21.157522,5.531442,153.84,96.43,0.83,0.18882999
APD,"Air Products and Chemicals, Inc",Basic Materials,65775104000,299.24,297.83,297.87,294.69,560705,1192729,0.866,42.587894,20.85815,4.4734373,341.14,243.69,2.39,0.095790006
ABNB,"Airbnb, Inc.",Consumer Cyclical,87743004672,141.31,141.17,143.27,141.0201,2805737,4867622,1.135,36.08122,31.591112,11.087194,163.93,99.88,,0.3206
AKAM,"Akamai Technologies, Inc.",Technology,11345602560,80.75,80.82,80.935,79.44,1070199,2337245,0.775,26.748322,11.932635,2.5399911,106.8,67.51,,0.09821
ALB,Albemarle Corporation,Basic Materials,8797512704,83.74,79.0,80.8774,74.185,10157588,3999719,1.63,,40.635868,1.1287912,113.91,49.43,1.93,-0.09992
ARE,Alexandria Real Estate Equities,Real Estate,13507445760,82.19,81.74,81.74,79.12,993681,1750337,1.266,,23.0,0.78380096,125.63,67.37,6.42,0.00784
ALGN,"Align Technology, Inc.",Healthcare,15018126336,205.56,202.91,207.75,203.24,1308206,925319,1.635,37.60254,20.193956,3.9894097,262.87,141.74,,0.108430006
ALLE,Allegion plc,Industrials,14050495488,165.39,165.02,165.635,163.0,771795,924245,1.025,22.76356,21.01027,7.8645906,166.22,116.57,1.23,0.38994
LNT,Alliant Energy Corporation,Utilities,16396395520,64.94,64.83,64.83,63.8,1133639,2043067,0.56,22.010345,19.76161,2.3115923,66.54,54.98,3.13,0.10712
ALL,Allstate Corporation (The),Financial Services,50845057024,195.7,195.12,195.7299,191.56,1583516,1533203,0.325,13.114754,10.089333,2.5371654,213.18,168.36,2.04,0.19723
GOOGL,Alphabet Inc.,Communication Services,2333934878720,193.18,193.66,194.05,190.85,38039414,41963175,1.005,20.509052,21.493303,6.422973,207.05,140.53,0.43,0.34829
GOOG,Alphabet Inc.,Communication Services,2333244653568,194.08,194.455,194.82,191.855,25471732,28049624,1.005,20.642475,21.611174,6.450989,208.7,142.66,0.43,0.34829
MO,"Altria Group, Inc.",Consumer Defensive,100797579264,59.84,59.745,59.75,58.6,6219670,8577672,0.624,10.037607,10.975701,-28.203651,61.26,47.57,6.82,
AMZN,"Amazon.com, Inc.",Consumer Cyclical,2471391657984,231.44,233.45,234.29,232.25,26197830,41770809,1.337,37.97553,37.85203,8.077376,242.52,151.61,,0.2524
AMCR,Amcor plc,Consumer Cyclical,22065604608,9.74,9.74,9.7399,9.6,14444101,30303967,0.727,17.196428,12.189874,3.6121533,11.48,8.37,5.24,0.20796
AEE,Ameren Corporation,Utilities,26655731712,100.1,99.92,99.96,98.04,1598475,1665214,0.495,21.800442,19.98374,2.1749806,104.1,77.99,2.84,0.10159001
AEP,American Electric Power Company,Utilities,57666351104,109.79,109.12,109.58,107.74,3049481,2905691,0.404,20.83977,18.327675,2.1099644,110.51,89.91,3.39,0.10421
AXP,American Express Company,Financial Services,216843993088,311.61,311.6,313.45,309.3091,1351569,2739637,1.258,21.883099,20.551586,6.6935205,329.14,220.43,1.05,0.32808
AIG,"American International Group, I",Financial Services,45662625792,80.1,79.96,80.23,78.78,3842183,4098395,0.648,19.324392,11.80775,1.1098815,88.07,69.0,2.25,0.057439998
AMT,American Tower Corporation (REI,Real Estate,104961220608,229.87,227.72,229.07,223.345,2175445,2239934,0.828,36.279938,33.02062,29.692757,243.56,172.51,2.96,0.28421
AWK,"American Water Works Company, I",Utilities,27050115072,140.32,139.55,140.54,137.85,790351,1221006,0.682,25.26594,24.33509,2.5678954,155.5,118.74,2.36,0.10428
AMP,"Ameriprise Financial, Inc.",Financial Services,48941682688,521.06,521.17,530.14,517.3,456085,455539,1.221,17.610394,13.420917,8.0469675,582.05,385.74,1.23,0.58239
AME,"AMETEK, Inc.",Industrials,41290399744,180.09,180.64,180.885,178.61,1114014,1314468,1.097,29.270048,24.498629,4.1414447,198.33,145.02,0.69,0.14964
AMGN,Amgen Inc.,Healthcare,162005434368,306.58,305.815,306.0,300.1,1947922,2657378,0.48,27.439892,14.576198,26.099274,340.89,253.3,3.11,1.0567299
APH,Amphenol Corporation,Technology,129064312832,105.02,105.91,107.145,105.04,6986510,8440757,1.139,42.50996,49.398144,11.256461,108.85,54.77,0.63,0.31049
ADI,"Analog Devices, Inc.",Technology,114519154688,227.82,228.91,231.04,228.86,3135274,3780070,1.018,62.539295,30.606102,3.270967,247.73,158.65,1.74,0.05213
AON,Aon plc,Financial Services,79716409344,372.89,371.3,373.5468,367.565,1170521,1292688,0.839,31.126476,21.228292,10.152637,412.97,322.21,0.8,0.37410998
APA,APA Corporation,Energy,7061736448,19.1,19.4,19.695,19.325,6233543,7468749,1.25,7.014337,7.1163635,1.3011968,33.41,13.58,5.24,0.26176
APO,"Apollo Global Management, Inc. ",Financial Services,84981161984,151.13,151.43,151.8699,148.23,2715518,2996203,1.572,25.951134,17.535378,5.1166472,189.49,95.11,1.35,0.18686001
AAPL,Apple Inc.,Technology,3197008084992,213.88,214.7,214.845,213.06,36504158,53289768,1.199,33.34112,25.758121,47.875195,260.1,169.21,0.49,1.38015
AMAT,"Applied Materials, Inc.",Technology,152691294208,185.69,189.06,190.5,188.625,4862224,6922572,1.688,22.570581,19.635708,8.053075,215.7,123.74,0.99,0.36372003
APTV,Aptiv PLC,Consumer Cyclical,15439245312,70.91,70.72,70.98,69.69,1591258,2276996,1.462,11.587065,10.010029,1.7448308,80.95,47.19,,0.15237
ACGL,Arch Capital Group Ltd.,Financial Services,33311928320,88.89,88.58,88.76,86.47,2260365,1972922,0.491,9.114858,9.568584,1.5620204,116.47,82.49,,0.18415001
ADM,Archer-Daniels-Midland Company,Consumer Defensive,26309439488,55.35,54.93,54.9753,54.31,1371159,3508363,0.673,19.28169,10.800788,1.1883422,63.14,40.98,3.69,0.05888
ANET,"Arista Networks, Inc.",Technology,147633405952,114.28,115.0,117.87,114.83,9412407,9602478,1.404,49.59916,12.081193,14.597044,133.575,59.43,,0.33681
AJG,Arthur J. Gallagher & Co.,Financial Services,79151095808,315.14,315.0,315.0,308.29,982882,1293696,0.713,47.6302,27.404255,3.5468252,351.23,274.25,0.83,0.092980005
AIZ,"Assurant, Inc.",Financial Services,9372320768,186.28,185.66,186.195,184.325,193639,540572,0.585,14.418878,10.31529,1.7946951,230.55,164.63,1.72,0.13204001
T,AT&T Inc.,Communication Services,197350752256,28.0,27.93,27.92,27.535,24948663,32527736,0.609,15.771429,12.321428,1.8775511,29.19,18.64,3.96,0.11529
ATO,Atmos Energy Corporation,Utilities,24568905728,156.84,156.4,156.585,154.23,470448,922626,0.692,21.573221,21.663864,1.8700583,167.45,126.01,2.22,0.09186
ADSK,"Autodesk, Inc.",Technology,65139830784,303.28,304.58,306.11,303.22,714328,1600113,1.444,65.197,33.166664,24.897375,326.62,223.03,,0.42361
ADP,"Automatic Data Processing, Inc.",Technology,124573720576,308.63,308.6,309.19,306.31,1184606,1563747,0.77,31.379349,28.232752,21.295538,329.93,255.97,2.0,0.76289004
AZO,"AutoZone, Inc.",Consumer Cyclical,63511515136,3820.91,3802.9,3822.0,3780.77,63415,134336,0.389,25.741135,21.779257,-15.975628,3916.81,2898.57,,
AVB,"AvalonBay Communities, Inc.",Real Estate,28298487808,201.75,201.35,202.24,198.65,586754,839967,0.856,24.691925,35.879063,2.3718438,239.29,180.4,3.47,0.096920006
AVY,Avery Dennison Corporation,Consumer Cyclical,13630697472,177.79,176.9,176.9887,174.07,320936,689670,0.874,19.525196,16.574144,6.2012305,224.38,157.0,2.11,0.3168
AXON,"Axon Enterprise, Inc.",Industrials,57320763392,735.01,740.0,745.75,722.07,594333,617500,1.288,178.71117,118.756454,22.426668,830.21,279.02,,0.15166001
BKR,Baker Hughes Company,Energy,45892665344,46.05,46.22,46.715,46.1833,5752053,7805770,0.894,15.212419,18.11284,2.5921595,49.4,32.25,2.0,0.18363
BALL,Ball Corporation,Consumer Cyclical,16278887424,59.01,58.7,59.06,58.32,1466849,2506740,1.085,33.340908,16.62323,2.9811015,68.12,43.51,1.36,0.08219
BAC,Bank of America Corporation,Financial Services,358671089664,48.45,48.45,48.54,48.0801,20581227,40123316,1.31,14.143695,13.177595,1.2990546,49.31,33.07,2.31,0.0946
BAX,Baxter International Inc.,Healthcare,14635751424,29.22,29.04,29.35,28.48,5776141,4110255,0.609,,9.902778,2.066517,40.49,26.25,2.33,-0.03506
BDX,"Becton, Dickinson and Company",Healthcare,52431888384,185.32,184.89,185.4399,182.82,1850210,3283478,0.277,35.52233,11.630007,2.0772586,251.99,163.33,2.24,0.058870003
BRK-B,Berkshire Hathaway Inc. New,Financial Services,1044364132352,484.07,484.35,486.8963,481.1001,2878384,4850372,0.818,12.903831,23.989044,0.0010588825,542.07,406.11,,0.13187
BBY,"Best Buy Co., Inc.",Consumer Cyclical,14327214080,67.44,67.71,68.975,67.32,1895427,3630803,1.261,16.534147,9.910819,5.184307,103.71,54.99,5.63,0.30214
TECH,Bio-Techne Corp,Healthcare,9178707968,58.78,58.67,60.055,58.355,2895635,2349516,1.384,70.54217,26.735159,4.5482793,83.62,46.01,0.54,0.0653
BIIB,Biogen Inc.,Healthcare,18943139840,131.52,133.04,131.85,128.4285,1045383,1449498,0.141,12.787339,7.759904,1.1154828,219.44,110.04,,0.09191
BLK,"BlackRock, Inc.",Financial Services,173038534656,1123.28,1124.0,1125.69,1115.0906,236989,642716,1.424,27.039669,22.766191,3.607442,1130.66,773.74,1.86,0.14134
BX,Blackstone Inc.,Financial Services,219088896000,178.1,178.05,178.75,175.9,2034561,3763027,1.64,48.08152,30.349915,16.578281,200.96,115.66,2.39,0.2882
XYZ,"Block, Inc.",Technology,49656659968,80.74,81.2,82.16,80.365,7920302,12508827,2.742,19.603405,21.089966,2.31503,99.26,44.27,,0.12793
BK,The Bank of New York Mellon Cor,Financial Services,70968401920,100.92,100.92,100.97,100.2,2331118,4254037,1.066,15.386849,15.410413,1.8376552,101.16,60.93,2.1,0.116809994
BA,Boeing Company (The),Industrials,178254561280,233.06,233.24,236.62,232.91,7036569,8162032,1.404,,503.0,-53.474327,236.63,128.88,,
BKNG,Booking Holdings Inc. Common St,Consumer Cyclical,184788221952,5632.27,5638.81,5685.0,5583.125,223373,204295,1.406,35.377213,27.060995,-30.381294,5839.41,3180.0,0.68,
BSX,Boston Scientific Corporation,Healthcare,156584984576,106.14,106.33,107.38,105.56,5638614,7478177,0.681,63.0,37.935482,7.0484815,108.94,71.88,,
BMY,Bristol-Myers Squibb Company,Healthcare,98559016960,48.43,48.44,48.415,47.34,5981162,13979921,0.371,18.064638,6.7581787,5.5599766,63.33,44.0,5.12,0.31986
AVGO,Broadcom Inc.,Technology,1384231206912,290.18,288.07,295.43,290.59,13263605,21002213,1.138,107.80219,47.69854,4.9695206,295.45,128.5,0.81,0.18977
BR,"Broadridge Financial Solutions,",Technology,29655883776,253.69,252.35,256.0,250.58,2012693,593467,0.955,37.965412,27.002138,12.420426,257.65,206.29,1.39,0.33918
BRO,"Brown & Brown, Inc.",Financial Services,33832628224,103.38,104.1,104.0,102.47,3503323,3212226,0.82,28.573818,25.080685,4.3160686,125.68,97.85,0.58,0.16519
BF-B,Brown Forman Inc,Consumer Defensive,14297425920,30.96,30.65,30.855,30.23,3120824,4721634,0.55,16.47826,15.957894,3.5890152,49.89,25.53,2.93,0.23142
BLDR,"Builders FirstSource, Inc.",Industrials,14989150208,136.46,136.0,138.445,134.57,1630768,2229726,1.695,17.366198,11.642061,3.5263376,203.14,102.6,,0.19621
BG,Bunge Limited,Consumer Defensive,15341302784,77.27,77.25,77.18,76.19,1069349,1913455,0.653,9.845956,8.247312,0.9745003,114.82,67.4,3.62,0.09861
BXP,"BXP, Inc.",Real Estate,12301313024,71.8,71.53,71.615,69.51,959960,1560377,1.174,,37.21925,2.0713053,90.11,54.22,5.46,0.008
CHRW,"C.H. Robinson Worldwide, Inc.",Industrials,12050009088,102.71,102.26,102.75,101.24,1035786,1197670,0.897,24.221956,21.321426,6.959473,114.82,84.68,2.41,0.3211
CDNS,"Cadence Design Systems, Inc.",Technology,91130494976,332.19,334.0,334.9999,328.47,2585041,1868554,0.988,84.4962,48.72409,19.079632,335.16,221.56,,0.25921
CZR,"Caesars Entertainment, Inc.",Consumer Cyclical,6118418432,29.56,29.57,30.2,29.04,5935738,5117145,2.298,,21.955223,1.5388639,45.93,21.4,,-0.03767
CPT,Camden Property Trust,Real Estate,11990428672,113.54,113.49,113.515,112.18,576542,935572,0.78,102.9633,69.27778,2.647496,127.69,102.35,3.74,0.025999999
CPB,The Campbell's Company,Consumer Defensive,9611711488,32.66,32.47,32.52,31.94,4515915,4991470,0.08,21.493334,9.454546,2.4824824,52.81,29.39,4.78,0.1166
COF,Capital One Financial Corporati,Financial Services,136968110080,212.85,213.05,216.09,212.26,4118642,4579547,1.149,594.9444,13.676884,1.2976753,232.45,128.23,1.13,0.00013
CAH,"Cardinal Health, Inc.",Healthcare,37312372736,157.14,157.11,157.11,155.105,1226006,2247278,0.689,24.426563,18.09375,-12.673693,168.44,96.05,1.3,
KMX,CarMax Inc,Consumer Cyclical,9043338240,60.72,60.88,61.39,60.08,1718089,3452573,1.379,16.646408,15.984084,1.4433187,91.25,59.96,,0.08969
CCL,Carnival Corporation,Consumer Cyclical,40310308864,29.75,29.83,29.88,29.485,13021412,24208393,2.609,15.565445,17.284883,3.897994,31.01,13.78,,0.30021998
CARR,Carrier Global Corporation,Industrials,68396908544,80.73,80.92,81.09,80.03,6047532,4834622,1.312,53.453335,26.375,4.976415,83.32,54.22,1.11,0.11125
CAT,"Caterpillar, Inc.",Industrials,203999166464,433.75,431.25,436.36,431.12,1898635,2551693,1.38,21.139648,19.545824,11.287707,436.4,267.3,1.39,0.55646
CBOE,"Cboe Global Markets, Inc.",Financial Services,25292378112,246.51,247.73,247.515,241.0,928030,846845,0.424,31.698162,26.311544,5.6823583,248.79,181.32,1.02,0.19018
CBRE,CBRE Group Inc,Real Estate,43690266624,147.57,147.19,148.5,146.36,1746488,1563378,1.304,44.682926,24.426666,5.222535,148.5,105.17,,0.11921
CDW,CDW Corporation,Technology,23937699840,181.14,181.73,182.9,181.558,528945,1140765,0.927,22.497524,17.96245,10.3055725,237.48,137.31,1.38,0.48707
COR,"Cencora, Inc.",Healthcare,55472148480,290.36,290.94,290.94,284.1,816447,1420860,0.568,33.086708,17.493887,54.75416,309.35,218.65,0.76,1.4178
CNC,Centene Corporation,Healthcare,13191832576,28.39,28.16,28.37,26.82,21358761,11790896,0.442,6.519418,3.815341,0.4813448,80.59,26.25,,0.07442
CNP,"CenterPoint Energy, Inc (Holdin",Utilities,24351864832,38.36,37.75,38.11,37.22,11457070,5482452,0.562,26.083916,21.43678,2.2098465,39.31,25.41,2.29,0.08759
CF,"CF Industries Holdings, Inc.",Basic Materials,14990785536,93.3,93.79,93.66,91.8081,931011,2808265,0.941,12.239418,14.972492,3.1873922,104.45,67.34,2.14,0.20794001
CRL,Charles River Laboratories Inte,Healthcare,8791219200,176.93,175.86,180.44,175.21,729516,1016380,1.498,,17.41148,2.7520833,254.15,91.86,,-0.00671
SCHW,Charles Schwab Corporation (The,Financial Services,177899536384,97.06,97.09,98.08,96.9,5851458,8050739,0.926,26.319893,25.76579,4.409765,98.28,61.15,1.11,
CHTR,"Charter Communications, Inc.",Communication Services,40740999168,309.75,309.32,309.4,296.37,4008040,1475640,1.078,8.167305,8.336222,2.5134828,437.06,296.37,,0.32652
CVX,Chevron Corporation,Energy,317753163776,154.84,155.4,156.545,154.9484,6745709,10304526,0.803,17.86057,14.155797,1.8287345,168.96,132.04,4.42,0.10079
CMG,"Chipotle Mexican Grill, Inc.",Consumer Cyclical,60151877632,46.76,46.56,46.61,44.86,31932946,14045685,1.079,39.699116,34.244278,17.057034,66.74,44.46,,0.42593
CB,Chubb Limited,Financial Services,106039836672,269.15,268.77,269.495,264.5301,2296316,1725129,0.537,11.738305,11.265988,1.5280633,306.91,252.16,1.44,0.13627
CHD,"Church & Dwight Company, Inc.",Consumer Defensive,23563782144,97.23,96.83,97.2,95.59,2583007,2355237,0.501,41.06438,25.651474,5.176649,116.46,90.99,1.21,0.13354999
CI,The Cigna Group,Healthcare,78109949952,296.37,294.69,296.015,290.92,1193453,1788768,0.454,16.307306,9.335568,1.9618225,370.83,262.03,2.04,0.13206
CINF,Cincinnati Financial Corporatio,Financial Services,22992318464,149.4,149.24,149.525,147.07,702645,544849,0.768,16.04144,20.068214,1.6760287,161.75,123.02,2.33,0.10974
CTAS,Cintas Corporation,Industrials,88801681408,223.56,222.13,222.4599,220.09,938099,1445485,1.042,50.086365,47.089745,18.955788,229.24,180.78,0.7,0.40269002
CSCO,"Cisco Systems, Inc.",Technology,268963184640,68.69,67.768,67.96,67.37,20550401,19768275,0.899,27.722448,17.415384,5.855172,69.78,44.5,2.39,0.21356001
C,"Citigroup, Inc.",Financial Services,176855400448,96.07,96.07,96.2,95.07,19366801,13784780,1.329,14.1765585,13.289291,0.89346665,96.91,53.51,2.5,0.06759
CFG,"Citizens Financial Group, Inc.",Financial Services,21348495360,49.49,49.45,49.6,49.07,2489700,5082524,1.089,15.039635,12.746771,0.9233333,49.98,32.6,3.39,0.064840004
CLX,Clorox Company (The),Consumer Defensive,15682711552,130.81,130.41,130.41,127.24,1717979,1800214,0.504,22.843805,17.454046,581.0046,171.37,117.35,3.73,3.18652
CME,CME Group Inc.,Financial Services,98787360768,279.55,277.91,279.675,273.855,2233226,2354173,0.455,26.510637,26.433945,3.554092,290.79,193.25,1.79,0.13612
CMS,CMS Energy Corporation,Utilities,21339504640,72.78,72.49,72.49,71.33,1229377,2332659,0.37,21.106506,19.927374,2.630725,76.45,63.43,2.98,0.11234
KO,Coca-Cola Company (The),Consumer Defensive,293036851200,69.17,68.74,68.895,68.06,11533225,15840491,0.45,24.14539,22.925924,10.252974,74.38,60.62,2.95,0.42369998
CTSH,Cognizant Technology Solutions ,Technology,37177683968,76.67,76.655,76.8,75.27,3184141,3440086,0.952,15.877894,15.114229,2.4956155,90.82,65.52,1.62,0.16605
COIN,"Coinbase Global, Inc.",Financial Services,96657997824,391.66,391.9,395.39,375.26,11005151,14554350,3.712,71.198875,106.29972,9.229291,444.65,142.58,,0.15841
CL,Colgate-Palmolive Company,Consumer Defensive,70077014016,87.93,87.8,87.88,86.38,4714165,4851354,0.371,24.49575,22.401556,193.0134,109.3,85.32,2.37,4.51259
CMCSA,Comcast Corporation,Communication Services,125190963200,33.68,34.14,33.75,33.305,17656781,19821578,0.947,8.25862,7.6552505,1.4490687,45.31,31.44,3.92,0.18049
CAG,"ConAgra Brands, Inc.",Consumer Defensive,9166906368,19.21,19.07,19.43,18.955,10822899,8916329,0.107,8.0,7.1375465,1.0260795,33.24,18.67,7.29,0.13214
COP,ConocoPhillips,Energy,122479009792,94.95,95.69,97.32,95.69,3753433,7890383,0.623,12.296577,12.082191,1.8774309,116.08,79.88,3.29,0.1666
ED,"Consolidated Edison, Inc.",Utilities,36382691328,102.26,101.88,101.935,100.4744,1377232,2733745,0.242,18.665436,17.967972,1.5285177,114.87,87.28,3.32,0.08331
STZ,"Constellation Brands, Inc.",Consumer Defensive,30433003520,175.52,174.25,175.31,171.715,1315058,2164542,0.664,,11.37772,4.197573,261.06,159.35,2.32,-0.0442
CEG,Constellation Energy Corporatio,Utilities,103007633408,327.35,322.48,331.9999,322.5,1691175,2940126,1.141,34.632244,36.72179,7.9497848,352.0,155.6,0.47,0.23974001
COO,"The Cooper Companies, Inc.",Healthcare,14546493440,74.59,74.35,74.375,72.85,947010,2672545,0.987,35.222225,17.8701,1.7550491,112.38,65.0,,0.05148
CPRT,"Copart, Inc.",Industrials,44556410880,46.69,46.7,46.76,46.02,4628505,7092965,1.071,30.516558,26.48276,5.0732136,64.38,45.52,,0.18441999
GLW,Corning Incorporated,Technology,47457054720,55.36,55.55,55.5699,54.92,4983866,4578618,1.097,106.55769,23.987013,4.1882086,56.25,37.18,2.02,0.048660003
CPAY,"Corpay, Inc.",Technology,23506728960,335.87,336.72,338.8899,333.38,190245,493301,0.957,23.417135,15.034265,6.8039174,400.81,265.06,,0.30040002
CTVA,"Corteva, Inc.",Basic Materials,49389109248,73.43,73.23,73.23,72.27,1677690,3942436,0.755,43.61446,22.554518,2.0362818,77.41,50.3,0.93,0.04659
CSGP,"CoStar Group, Inc.",Real Estate,39551963136,92.97,92.86,93.67,92.52,2619073,3073767,0.89,359.07693,83.35714,4.594262,93.75,68.26,,0.01303
COST,Costco Wholesale Corporation,Consumer Defensive,414203084800,935.486,935.5,940.241,930.89,1696239,2058550,0.961,53.097782,47.45884,15.271505,1078.23,793.0,0.56,0.3208
CTRA,Coterra Energy Inc.,Energy,18173243392,23.63,23.85,23.91,23.66,4766021,7566026,0.331,13.923976,10.218884,1.2788699,29.95,22.3,3.72,0.09404001
CRWD,"CrowdStrike Holdings, Inc.",Technology,117689917440,467.92,462.15,476.57,468.0,1803481,3478511,1.157,,110.580795,34.080116,517.98,200.81,,-0.05738
CCI,Crown Castle Inc.,Real Estate,47377940480,111.48,110.88,111.43,108.535,4044201,3100914,0.898,,40.597015,-34.246143,120.92,84.2,3.81,-1.83279
CSX,CSX Corporation,Industrials,66573438976,35.76,35.755,36.16,35.51,21187050,15945511,1.23,21.907974,17.591133,5.3812537,37.1,26.22,1.45,0.24819
CMI,Cummins Inc.,Industrials,51065782272,369.52,369.66,371.46,366.07,805853,816267,1.019,18.270084,16.460924,4.674653,387.9,260.02,2.16,0.26187
CVS,CVS Health Corporation,Healthcare,75445796864,60.7,60.56,61.13,59.3509,7278078,8485945,0.576,14.23389,9.203704,0.97837853,72.51,43.56,4.38,0.06934
DHR,Danaher Corporation,Healthcare,145315594240,205.48,204.2,206.0375,202.23,5155074,3983383,0.801,43.087048,24.217184,2.7761211,281.7,171.0,0.62,0.06676
DRI,"Darden Restaurants, Inc.",Consumer Cyclical,23770775552,204.48,204.55,204.32,201.945,780817,1516239,0.737,22.898535,19.2339,10.284571,228.27,140.1,2.93,0.46159
DDOG,"Datadog, Inc.",Technology,52068872192,149.84,150.93,151.65,149.69,2535048,6811167,1.026,327.76086,74.27094,17.829943,170.08,81.63,,0.06476
DVA,DaVita Inc.,Healthcare,10982093824,145.17,145.0,146.195,144.3239,440209,807767,1.106,14.42999,12.893522,-42.045715,179.6,131.76,,0.54794
DAY,"Dayforce, Inc.",Technology,9426583552,60.0,60.27,60.435,58.96,1203284,1865003,1.087,368.5,26.678732,3.6392815,82.69,48.005,,0.01031
DECK,Deckers Outdoor Corporation,Consumer Cyclical,16795112448,116.85,118.5,119.2,111.485,6274648,3886586,0.991,17.264208,17.671383,6.8024454,223.98,93.72,,0.43578997
DE,Deere & Company,Industrials,138270720000,517.38,516.42,516.305,509.0482,706188,1201396,1.085,24.66425,23.028868,5.6932096,533.78,340.2,1.25,0.23912
DELL,Dell Technologies Inc.,Technology,90540498944,131.22,131.95,133.9,131.1557,4145488,5851263,1.098,20.981192,14.240426,-30.230352,147.66,66.25,1.6,
DAL,"Delta Air Lines, Inc.",Industrials,36310437888,54.86,54.99,55.685,54.65,5562058,10845686,1.491,8.082849,7.9216523,2.068209,69.98,34.74,1.37,0.30074
DVN,Devon Energy Corporation,Energy,21889187840,32.94,33.34,34.12,33.31,7068922,8074855,1.06,7.765376,7.643498,1.509409,47.44,25.89,2.91,0.20963
DXCM,"DexCom, Inc.",Healthcare,35105341440,88.99,88.7,89.76,88.63,2698449,3496083,1.448,67.31579,44.103447,15.486939,93.25,57.52,,0.23716
FANG,"Diamondback Energy, Inc.",Energy,43977129984,144.61,145.51,150.87,145.99,1653111,2271791,1.024,9.360697,10.281421,1.1239715,203.98,114.0,3.62,0.14668
DLR,"Digital Realty Trust, Inc.",Real Estate,60925812736,177.91,177.08,179.0575,175.689,1198512,1730022,0.968,46.120735,145.22314,2.69625,198.0,129.95,2.74,0.05835
DG,Dollar General Corporation,Consumer Defensive,23285712896,107.56,107.03,107.055,104.7,2235513,3410659,0.315,20.192749,17.011253,3.0226245,126.98,66.43,2.19,0.15695
DLTR,"Dollar Tree, Inc.",Consumer Defensive,24089780224,114.41,114.63,115.81,114.04,4443766,3874544,0.862,22.767258,19.047855,6.2122602,115.99,60.49,,0.19404
D,"Dominion Energy, Inc.",Utilities,49461874688,58.75,58.6,58.69,57.825,2907800,5633660,0.551,22.393824,17.159763,1.8758692,61.97,48.07,4.54,0.07719
DPZ,Domino's Pizza Inc,Consumer Cyclical,16102642688,485.53,486.0,486.6757,471.32,732354,611372,1.093,27.512762,26.88889,-4.2019844,500.55,396.06,1.43,
DASH,"DoorDash, Inc.",Consumer Cyclical,104427470848,249.92,249.95,250.71,244.02,2130384,4101531,1.703,308.05,138.44945,12.444579,250.71,105.34,,0.04336
DOV,Dover Corporation,Industrials,25360189440,186.5,187.0,186.96,184.57,1094126,1025062,1.259,23.831184,19.652496,3.408031,222.31,143.04,1.1,0.16722
DOW,Dow Inc.,Basic Materials,18224379904,25.51,25.33,26.13,24.92,15987869,12235967,0.857,,8.266881,1.0576329,55.67,24.37,5.49,-0.04739
DHI,"D.R. Horton, Inc.",Consumer Cyclical,43585728512,145.32,144.74,147.125,144.02,2497555,3780296,1.377,11.752412,9.177651,1.8170745,199.85,110.44,1.1,0.16098
DTE,DTE Energy Company,Utilities,28502323200,139.43,139.17,139.205,137.1,1298369,1409345,0.438,18.560812,19.04993,2.3909411,140.39,115.59,3.13,0.13295999
DUK,Duke Energy Corporation (Holdin,Utilities,91405426688,119.93,119.63,119.91,117.45,2355755,3126526,0.353,19.502487,18.548895,1.8386492,125.27,105.2,3.55,0.09478
DD,"DuPont de Nemours, Inc.",Basic Materials,31412535296,75.77,75.82,75.82,74.685,1623099,2744265,1.024,2502.0,17.09795,1.3756827,90.06,53.77,2.16,0.00199
EMN,Eastman Chemical Company,Basic Materials,8856936448,78.31,78.0,78.37,76.54,769201,1747773,1.235,9.771975,8.817242,1.5079318,114.5,70.9,4.24,0.16032
ETN,"Eaton Corporation, PLC",Industrials,153686999040,392.17,399.56,398.37,391.56,2333147,2260204,1.156,39.592743,32.594193,8.304648,399.56,231.85,1.06,0.20812
EBAY,eBay Inc.,Consumer Cyclical,36406677504,81.43,81.27,81.28,78.46,9334161,5392878,1.249,18.990385,15.1341,7.389393,83.53,53.74,1.42,0.36479
ECL,Ecolab Inc.,Basic Materials,76545671168,271.75,270.97,272.07,269.08,1757928,1208431,1.035,36.783375,35.998665,11.509506,274.17,220.96,0.96,0.24774
EIX,Edison International,Utilities,20111613952,52.95,52.78,53.17,52.15,3801363,3747298,0.754,7.3932104,9.170176,1.3428389,88.77,47.73,6.25,0.15001
EW,Edwards Lifesciences Corporatio,Healthcare,46042230784,80.0,80.45,80.73,78.37,5066460,4333408,1.109,32.841003,32.03673,4.542508,83.0,59.41,,
EA,Electronic Arts Inc.,Communication Services,38190833664,151.68,151.055,152.88,150.97,2958914,2991698,0.733,35.762356,17.818289,6.0051365,168.5,115.21,0.5,0.16131
ELV,"Elevance Health, Inc.",Healthcare,64396406784,289.1,288.78,291.5,283.5,2468790,2166396,0.612,12.1383705,8.182547,1.4706215,567.26,274.4,2.37,0.124180004
EMR,Emerson Electric Company,Industrials,84082491392,149.63,149.51,149.83,148.755,1883972,2968686,1.283,43.20231,23.651897,4.3682055,149.84,90.06,1.41,0.08335
ENPH,"Enphase Energy, Inc.",Technology,4569747456,35.41,35.79,35.9499,34.52,6534631,9124618,1.666,27.093025,9.54918,5.188539,130.08,33.01,,0.19795
ETR,Entergy Corporation,Utilities,38688317440,88.16,88.17,88.295,86.49,2295638,2817134,0.573,28.05178,11.198967,2.4589374,89.35,56.98,2.72,0.08853
EOG,"EOG Resources, Inc.",Energy,66394988544,118.39,119.74,121.72,119.51,1734201,3787137,0.776,11.263888,10.999096,2.2718782,138.18,102.52,3.45,0.20899999
EPAM,"EPAM Systems, Inc.",Technology,9594700800,170.74,170.95,172.13,169.025,293434,785573,1.701,23.686712,15.134943,2.632757,269.0,138.15,,0.11568
EQT,EQT Corporation,Energy,32394799104,52.19,52.55,52.7538,51.07,8139952,8270777,0.654,27.321053,20.599207,1.4509727,61.02,30.02,1.21,0.06473
EFX,"Equifax, Inc.",Industrials,29684316160,246.26,245.54,247.0499,240.39,853426,946696,1.604,47.060547,25.60574,5.8448963,309.63,199.98,0.81,0.12761
EQIX,"Equinix, Inc.",Real Estate,77631111168,801.43,791.32,805.08,791.72,578094,648967,0.915,83.18868,59.3139,5.589385,994.03,701.41,2.34,0.07059
EQR,Equity Residential,Real Estate,25928366080,67.37,67.45,67.45,66.11,1149839,1949818,0.897,25.270992,39.177513,2.2800372,78.83,59.41,4.11,0.08901
ERIE,Erie Indemnity Company,Financial Services,18489708544,355.7,368.29,357.21,353.55,110354,142493,0.34,30.119251,26.388062,8.9437475,547.0,332.34,1.54,0.3238
ESS,"Essex Property Trust, Inc.",Real Estate,19552083968,287.06,286.05,289.89,283.085,294675,441245,0.791,27.096651,47.036545,3.2717485,317.73,243.85,3.58,0.12810999
EL,"Estee Lauder Companies, Inc. (T",Consumer Defensive,33284253696,90.4,90.38,93.09,90.26,3659047,4133096,1.167,,34.266666,7.660208,103.44,48.37,1.55,-0.15976
EG,"Everest Group, Ltd.",Financial Services,14093873152,336.86,335.38,337.3,330.51,198377,397231,0.504,16.726402,4.984956,0.99592435,407.3,320.0,2.37,0.06122
EVRG,"Evergy, Inc.",Utilities,15729021952,69.8,69.9,69.8,68.34,1749555,2407255,0.476,17.989473,16.920792,1.5838373,70.36,56.97,3.83,0.09047
ES,Eversource Energy (D/B/A),Utilities,23946153984,66.62,66.48,66.57,64.98,1695077,2485657,0.636,28.587719,13.6359825,1.5605623,69.01,52.28,4.52,0.05617
EXC,Exelon Corporation,Utilities,43824128000,43.99,43.91,43.93,43.2501,5676695,6381888,0.467,16.137547,16.505703,1.587435,48.11,35.94,3.64,0.10099
EXE,Expand Energy Corporation,Energy,23352879104,98.17,98.36,98.45,96.81,3301566,3133408,0.464,,23.14387,1.3555739,123.345,69.12,2.34,-0.07096
EXPE,"Expedia Group, Inc.",Consumer Cyclical,23791966208,187.34,187.53,188.84,186.12,1273697,1892721,1.577,22.360813,13.033426,22.302193,207.73,110.2,0.85,0.52188
EXPD,Expeditors International of Was,Industrials,15798321152,116.7,115.99,116.61,115.07,858919,1279113,1.057,19.16279,21.442379,6.90076,131.59,100.47,1.32,0.37695
EXR,Extra Space Storage Inc,Real Estate,32860303360,150.86,150.02,150.68,148.19,715414,1015072,1.108,34.490696,31.027195,2.2665586,184.87,121.03,4.3,0.063930005
XOM,Exxon Mobil Corporation,Energy,480266321920,110.4,111.0,112.1078,110.84,9558800,16869729,0.469,14.779841,14.160102,1.8280541,126.34,97.8,3.59,0.14302
FFIV,"F5, Inc.",Technology,17323094016,299.37,299.54,302.01,298.7,356479,441567,1.002,28.617647,19.586365,5.2715006,313.0,184.81,,0.19892
FDS,FactSet Research Systems Inc.,Financial Services,15657309184,419.54,417.54,419.215,413.7,184975,343506,0.834,29.92341,22.170237,7.2749314,499.87,391.69,1.05,0.26346
FICO,Fair Isaac Corporation,Technology,36846759936,1532.52,1529.51,1536.96,1510.93,187474,317286,1.285,64.99484,40.72451,-32.79382,2402.52,1477.12,,
FAST,Fastenal Company,Industrials,53709553664,47.75,47.55,47.615,46.76,5636337,6073447,0.958,45.0,21.369862,14.104882,48.1,32.045,1.84,0.32564998
FRT,Federal Realty Investment Trust,Real Estate,8095220224,94.24,94.14,94.29,93.11,551668,690021,1.107,26.778736,30.355051,2.6510582,118.34,80.65,4.67,0.094469994
FDX,FedEx Corporation,Industrials,57184280576,243.2,240.37,244.39,239.445,1367904,2109577,1.356,14.420584,10.655385,2.0550535,308.53,194.3,2.38,0.14705
FIS,Fidelity National Information S,Technology,42993074176,81.94,81.41,82.17,81.08,1219718,3053911,1.073,52.121017,14.330998,2.8572927,91.98,66.51,1.95,0.05246
FITB,Fifth Third Bancorp,Financial Services,28397705216,42.84,42.68,43.02,42.255,3006570,5024586,0.925,13.249221,11.652054,1.4940106,49.07,32.25,3.45,0.11569
FSLR,"First Solar, Inc.",Technology,19687854080,185.32,180.05,184.8899,180.315,2620624,4978626,1.515,15.5972805,8.800575,2.4046736,262.72,116.56,,0.16766001
FE,FirstEnergy Corp.,Utilities,23900028928,41.94,41.87,41.93,41.38,3657483,4457036,0.365,22.026596,14.328719,1.9018095,44.97,37.58,4.24,0.09274
FI,"Fiserv, Inc.",Technology,76070412288,142.03,142.13,144.05,139.25,7903985,5764047,0.915,23.401339,13.733072,3.0191364,238.59,128.22,,0.12457
F,Ford Motor Company,Consumer Cyclical,44855480320,11.47,11.48,11.49,11.255,51485112,91786183,1.501,9.024,6.445714,1.0048997,11.97,8.44,6.54,0.11497
FTNT,"Fortinet, Inc.",Technology,80276824064,104.82,104.98,106.21,104.12,2127965,4597539,1.063,43.160492,43.51867,41.097176,114.82,54.57,,2.05906
FTV,Fortive Corporation,Technology,17422350336,51.52,51.56,51.9,51.09,2487255,4461351,1.069,22.482456,12.292565,1.7020853,62.788242,45.504898,0.62,0.07695
FOXA,Fox Corporation,Communication Services,24291706880,56.67,56.75,57.0825,56.28,2199770,3697985,0.522,13.960397,15.120644,2.2046752,58.74,36.09,0.95,0.16621
FOX,Fox Corporation,Communication Services,24314292224,52.12,52.015,52.5,51.74,1133449,1231914,0.522,12.851485,22.093616,2.029552,55.0,33.72,1.04,0.16621
BEN,"Franklin Resources, Inc.",Financial Services,12964602880,24.82,24.73,24.8,24.56,2696261,4681531,1.47,35.753624,9.4884615,1.0498766,25.36,16.25,5.16,0.02799
FCX,"Freeport-McMoRan, Inc.",Basic Materials,62846099456,44.89,44.68,44.83,42.21,26369241,13417991,1.642,33.94574,20.273148,3.3669078,52.61,27.66,1.34,0.14645
GRMN,Garmin Ltd.,Technology,45508988928,235.63,236.83,237.64,234.74,571425,852313,0.981,31.140974,31.683645,5.5687494,246.5,160.71,1.53,0.19036
IT,"Gartner, Inc.",Technology,27128522752,356.64,356.74,357.3299,352.47,500182,776770,1.191,21.960749,26.722519,18.210798,584.01,352.29,,1.13185
GE,GE Aerospace,Industrials,286965661696,271.59,273.355,273.4399,267.46,4966059,6637437,1.379,38.60342,51.643127,14.997228,273.44,150.2,0.53,0.39567003
GEHC,GE HealthCare Technologies Inc.,Healthcare,35595976704,77.61,77.37,78.77,76.9808,3834297,4061896,1.289,16.331932,16.64668,3.874215,94.8,57.65,0.18,0.26444
GEV,GE Vernova Inc.,Industrials,176308584448,644.59,638.26,648.5178,631.16,2883696,3092204,,156.81839,93.86376,19.861387,651.22,150.01,0.16,0.11412
GEN,Gen Digital Inc.,Technology,18929420288,30.61,30.65,30.705,30.34,2030069,4553295,1.006,29.63107,12.457143,8.300244,31.72,22.74,1.63,0.29167998
GNRC,Generac Holdlings Inc.,Industrials,9184826368,156.96,156.97,157.09,154.34,994592,887401,1.725,27.130892,18.935446,3.719673,195.94,99.5,,0.13798
GD,General Dynamics Corporation,Industrials,84221706240,314.02,313.67,313.67,311.08,924784,1190932,0.472,21.041666,19.471394,3.5663843,322.5,239.2,1.91,0.17915002
GIS,"General Mills, Inc.",Consumer Defensive,27040036864,51.07,50.64,50.66,49.8,4957101,5504221,0.004,12.158537,10.606383,2.9392688,75.9,49.04,4.78,0.24590999
GM,General Motors Company,Consumer Cyclical,50888568832,53.4,53.215,53.935,53.03,6045636,10166273,1.323,8.160305,5.0567646,0.7707838,61.24,38.96,1.12,0.06955
GPC,Genuine Parts Company,Consumer Cyclical,18508974080,133.7,133.33,133.75,131.776,912148,1175636,0.751,22.864262,15.710744,3.9357016,149.22,104.01,3.08,0.17443001
GILD,"Gilead Sciences, Inc.",Healthcare,144545021952,116.2,114.4,114.75,112.68,5368689,7867103,0.307,24.412527,15.212651,7.343902,119.96,72.43,2.72,0.32654998
GPN,Global Payments Inc.,Industrials,20659075072,85.76,85.36,86.1,84.3324,1037578,2869331,0.945,13.70712,6.6179686,0.9342053,120.0,65.93,1.17,0.07102
GL,Globe Life Inc.,Financial Services,11073954816,135.13,134.76,135.12,133.23,597213,643049,0.561,10.7328005,9.901107,2.050467,138.41,86.1,0.8,
GDDY,GoDaddy Inc.,Technology,23658706944,165.97,166.0,167.09,164.93,1340526,1372565,1.055,31.99229,24.745155,118.43081,216.0,140.51,,2.45696
GS,"Goldman Sachs Group, Inc. (The)",Financial Services,222045487104,728.98,728.0,732.52,722.1701,999626,2216626,1.344,15.93241,17.412176,2.085579,732.52,437.37,2.19,0.12762
HAL,Halliburton Company,Energy,19473428480,22.45,22.55,23.015,22.5201,11172335,15480698,1.136,10.723004,7.0276923,1.8546488,34.97,18.72,3.03,0.18229
HIG,"The Hartford Insurance Group, I",Financial Services,34444648448,123.35,123.0,123.3569,120.95,1856665,1590075,0.685,12.087737,10.442722,2.0936296,132.09,103.96,1.69,0.18495001
HAS,"Hasbro, Inc.",Consumer Cyclical,10691842048,74.98,75.72,76.45,74.66,3564846,2265683,0.58,,17.223478,39.69823,78.83,49.0,3.73,-0.77416
HCA,"HCA Healthcare, Inc.",Healthcare,81925070848,334.32,332.075,341.19,331.7,1630487,1489831,1.48,14.308404,13.871284,-18.748074,417.14,289.98,0.86,136.31683
DOC,"Healthpeak Properties, Inc.",Real Estate,12230521856,17.6,17.63,17.64,17.21,13633731,6676875,1.006,75.04348,69.04,1.5128407,23.26,16.64,6.93,0.02138
HSIC,"Henry Schein, Inc.",Healthcare,8807852032,71.46,71.46,71.46,70.1,1693878,1660640,0.868,21.950155,13.55,2.6022086,82.49,60.56,,0.084680006
HSY,The Hershey Company,Consumer Defensive,37392592896,187.12,185.57,186.48,182.41,1533271,1876604,0.287,22.729065,21.97143,7.981318,208.03,140.13,2.93,0.37483
HPE,Hewlett Packard Enterprise Comp,Technology,27399153664,20.73,20.82,20.9271,20.67,21332073,18092500,1.364,20.076923,9.942857,1.1464968,24.66,11.965,2.51,0.06373
HLT,Hilton Worldwide Holdings Inc.,Consumer Cyclical,63636443136,273.65,273.16,273.62,270.075,1399648,1990772,1.25,41.56221,33.863583,-13.898907,279.46,196.04,0.22,
HOLX,"Hologic, Inc.",Healthcare,14638688256,66.5,66.18,66.45,65.59,1826037,3150459,0.555,27.60084,13.917374,3.169449,84.67,51.9,,0.11766
HD,"Home Depot, Inc. (The)",Consumer Cyclical,375316709376,375.34,373.74,381.08,373.0,3217856,3433314,1.004,25.64446,24.18141,47.183243,439.37,326.31,2.45,2.9951901
HON,Honeywell International Inc.,Industrials,142902624256,224.24,226.32,227.75,224.72,4821905,3584352,1.063,25.60637,20.443233,8.878546,242.77,179.36,2.02,0.33602002
HRL,Hormel Foods Corporation,Consumer Defensive,15699501056,29.24,29.105,29.11,28.54,2344561,3187363,0.33,20.992647,16.89349,1.9545423,33.8,27.59,3.97,0.09373
HST,"Host Hotels & Resorts, Inc.",Real Estate,11531036672,16.55,16.55,16.72,16.37,7309411,9704836,1.332,17.083334,16.907215,1.7108282,19.36,12.22,4.83,0.09996
HWM,Howmet Aerospace Inc.,Industrials,75959328768,189.52,190.12,190.435,187.17,1890933,3194322,1.43,61.695084,59.35962,16.048613,191.61,85.39,0.21,0.28295
HPQ,HP Inc.,Technology,24280207360,25.68,25.74,25.945,25.485,4424424,8603706,1.291,9.942308,7.180556,-19.07749,39.8,21.21,4.51,
HUBB,Hubbell Inc,Industrials,23393744896,442.54,446.26,445.235,435.25,1057180,599922,0.981,29.655617,24.735329,7.1729455,481.345,299.425,1.19,0.25917
HUM,Humana Inc.,Healthcare,27942844416,237.98,237.1,239.43,231.1,1500131,1766027,0.445,16.350283,13.748219,1.574163,406.09,206.87,1.49,0.10099
HBAN,Huntington Bancshares Incorpora,Financial Services,24392409088,16.84,16.84,16.8698,16.58,28845820,28912411,0.952,12.41791,12.41791,1.281676,18.45,11.92,3.68,0.10505
HII,"Huntington Ingalls Industries, ",Industrials,10299871232,264.82,265.0,265.195,261.13,249866,487204,0.3,18.911383,16.740433,2.157925,285.81,158.88,2.04,0.12271
IBM,International Business Machines,Technology,245185101824,259.72,260.3,264.0,259.62,5186552,4125673,0.68,42.38486,24.807728,8.913007,296.16,181.81,2.59,0.22665001
IEX,IDEX Corporation,Industrials,13932690432,185.69,186.0,186.62,184.185,385390,655467,1.036,29.321144,21.646711,3.5738091,238.22,153.36,1.53,0.12724
IDXX,"IDEXX Laboratories, Inc.",Healthcare,45559009280,565.19,563.13,570.36,560.46,613146,574562,1.54,52.4537,47.366222,31.588045,570.36,356.14,,0.59330004
ITW,Illinois Tool Works Inc.,Industrials,76278104064,261.7,261.4,262.17,259.42,516844,1010577,1.107,22.888206,24.300001,23.506918,279.13,214.66,2.29,1.07584
INCY,Incyte Corporation,Healthcare,13580871680,70.2,70.35,70.635,69.695,1926345,1831450,0.683,350.80002,11.426711,3.7070696,83.95,53.56,,0.0046900003
IR,Ingersoll Rand Inc.,Industrials,35613659136,88.27,88.27,88.665,87.65,1311781,2841209,1.428,43.696518,24.810736,3.3795068,106.03,65.61,0.09,0.081099994
PODD,Insulet Corporation,Healthcare,20568469504,290.22,290.74,294.105,290.21,397795,803478,1.347,52.756317,75.521965,15.454207,329.33,173.0,,0.37917998
INTC,Intel Corporation,Technology,90516357120,20.7,20.815,21.29,20.6501,85488800,80371737,1.145,,21.319588,0.92474174,30.91,17.67,,-0.18616
ICE,Intercontinental Exchange Inc.,Financial Services,104853086208,184.44,184.0,184.66,182.43,1947549,2472390,1.119,37.84472,27.120178,3.7506924,185.3,142.29,1.04,0.10421
IFF,International Flavors & Fragran,Basic Materials,19243081728,76.63,75.89,76.215,74.9275,1735633,1633032,1.054,,16.318872,1.4598413,106.77,65.85,2.09,-0.060349997
IP,International Paper Company,Consumer Cyclical,29298561024,55.68,55.49,56.0,55.34,3777253,4293750,0.974,47.435898,18.5,1.6191143,60.36,43.27,3.32,0.03006
IPG,"Interpublic Group of Companies,",Communication Services,9347107840,26.05,26.11,26.11,25.485,3130688,7662603,1.042,21.62712,9.28,2.518504,33.05,22.51,5.07,0.11933
INTU,Intuit Inc.,Technology,222803345408,785.95,786.0,800.4872,783.0,1932936,1652545,1.277,65.14926,35.930275,11.076089,800.5,532.65,0.53,0.17839001
ISRG,"Intuitive Surgical, Inc.",Healthcare,177069719552,495.86,497.99,502.81,493.38,2469497,1715114,1.647,68.699585,62.843513,9.92007,616.0,425.0,,0.1604
IVZ,Invesco Ltd,Financial Services,9669279744,21.81,21.76,21.81,21.48,4262961,5999767,1.443,23.311829,11.4709,0.69697165,21.84,11.6,3.85,0.03848
INVH,Invitation Homes Inc.,Real Estate,19559204864,31.91,31.81,31.875,31.2025,3722367,3306619,0.799,41.078945,42.189186,1.9688464,37.8,29.37,3.64,0.048070002
IQV,"IQVIA Holdings, Inc.",Healthcare,33619200000,199.17,198.68,201.21,196.855,1883433,2506901,1.307,28.702467,16.384424,5.8185244,252.88,134.65,,0.19792
IRM,Iron Mountain Incorporated (Del,Real Estate,28914311168,99.34,99.19,99.22,97.63,578222,1539354,1.102,239.0244,50.0,-41.385136,130.24,72.33,3.16,
JBHT,"J.B. Hunt Transport Services, I",Industrials,14364047360,149.31,149.16,150.92,147.23,1099052,1114519,1.29,27.029144,20.667131,3.9296117,200.4,122.79,1.18,0.14328
JBL,Jabil Inc.,Technology,24124237824,222.55,221.96,224.79,220.42,824362,1400463,1.202,42.817142,22.456543,18.773174,229.16,95.85,0.14,0.32388002
JKHY,"Jack Henry & Associates, Inc.",Technology,12770470912,176.35,180.27,176.56,175.14,389603,579103,0.722,29.82653,27.75,6.2709627,196.0,160.23,1.32,0.22494
J,Jacobs Solutions Inc.,Industrials,17215950848,143.45,143.95,144.49,142.3201,337881,750446,0.761,47.28713,21.545864,4.463273,149.0495,105.178215,0.89,0.06804
JNJ,Johnson & Johnson,Healthcare,400314269696,168.3,167.86,167.94,165.08,8008141,8288277,0.4,17.796574,15.681131,5.097991,169.99,140.68,3.09,0.30212
JCI,Johnson Controls International ,Industrials,73385394176,111.73,112.0,112.63,111.01,5843774,4652700,1.33,33.69184,26.615751,4.643184,112.63,64.31,1.32,0.13137001
JPM,JP Morgan Chase & Co.,Financial Services,828946907136,298.62,297.66,299.43,296.82,4443809,8534740,1.094,15.296411,17.8184,2.4346406,299.59,190.9,1.88,0.16211
K,Kellanova,Consumer Defensive,27682263040,79.83,79.8,79.88,79.745,1645342,3641165,0.289,20.098236,66.49166,7.071074,83.22,56.62,2.86,0.38149
KVUE,Kenvue Inc.,Consumer Defensive,42929188864,22.84,22.63,22.74,22.35,7009751,18891083,0.783,39.928574,18.32787,4.26799,25.17,18.105,3.59,0.10216
KDP,Keurig Dr Pepper Inc.,Consumer Defensive,44787765248,33.27,33.45,33.52,32.915,10204070,11551162,0.484,29.176992,16.082928,1.7925298,38.28,30.12,2.77,0.06181
KEY,KeyCorp,Financial Services,20513579008,18.57,18.57,18.63,18.32,30893463,16853583,1.088,,11.820514,1.2078339,20.04,12.73,4.42,0.0101499995
KEYS,Keysight Technologies Inc.,Technology,28673359872,166.45,166.49,167.365,165.83,651967,890101,1.096,39.10798,23.902441,5.225519,186.2,119.72,,0.14297
KMB,Kimberly-Clark Corporation,Consumer Defensive,42094178304,127.38,127.93,127.515,126.355,1909089,2341663,0.364,17.283379,16.626474,38.233875,150.45,124.1,3.96,2.0706
KIM,Kimco Realty Corporation (HC),Real Estate,14578488320,21.78,21.74,21.81,21.48,2069060,4254759,1.26,28.355263,30.785713,1.383006,25.83,17.93,4.59,0.05208
KMI,"Kinder Morgan, Inc.",Energy,60462796800,27.39,27.58,27.64,27.13,11838848,13692555,0.751,22.303278,21.595238,1.9650465,31.48,19.68,4.27,0.08875
KKR,KKR & Co. Inc.,Financial Services,140770689024,152.16,152.37,152.93,151.636,2029788,3757009,1.882,65.8658,25.065897,5.4217296,170.4,86.15,0.49,0.07145
KLAC,KLA Corporation,Technology,122078281728,902.09,917.36,931.94,915.0001,835091,1104501,1.416,33.55689,28.127666,30.483093,945.87,551.33,0.84,1.04097
KHC,The Kraft Heinz Company,Consumer Defensive,33944072192,28.68,28.57,28.57,28.05,10062119,14413026,0.219,13.078703,9.201955,0.6796911,36.53,25.44,5.58,0.0535
KR,Kroger Company (The),Consumer Defensive,45831331840,71.46,71.39,71.4327,69.115,6516859,7300890,0.579,18.888283,15.135371,5.6184144,74.11,50.69,1.96,0.24239
LHX,"L3Harris Technologies, Inc.",Industrials,50416492544,269.28,270.6,270.8899,267.7524,980053,1503800,0.749,30.14206,18.726198,2.6126878,280.03,193.09,1.78,0.08926
LH,Labcorp Holdings Inc.,Healthcare,21709852672,264.96,262.88,263.85,259.795,530671,772700,0.799,28.905077,16.347067,2.5623264,283.47,209.38,1.09,0.092609994
LRCX,Lam Research Corporation,Technology,126146813952,96.96,98.8,99.53,97.915,8152017,10061544,1.69,27.470753,23.09602,13.303656,102.59,56.32,0.95,0.53138
LW,"Lamb Weston Holdings, Inc.",Consumer Defensive,8249404928,60.86,60.25,60.565,59.17,2310255,2160870,0.448,23.688,11.891566,4.7451925,83.981,47.87,2.43,0.20264
LVS,Las Vegas Sands Corp.,Consumer Cyclical,37090902016,52.41,52.8,53.125,52.03,6640934,5463906,1.026,26.510101,19.087273,18.112492,56.61,30.18,1.91,0.54145
LDOS,"Leidos Holdings, Inc.",Technology,20640092160,163.25,163.22,163.34,158.98,738045,1168129,0.654,16.148037,15.344499,4.848366,202.9,123.62,0.98,0.30945998
LEN,Lennar Corporation,Consumer Cyclical,29938683904,115.33,114.93,117.87,114.156,2230954,3019681,1.347,9.614239,7.195787,1.3322474,187.6089,98.42,1.73,0.13258
LII,"Lennox International, Inc.",Industrials,22986043392,660.82,663.56,663.9,648.05,444297,379104,1.132,27.978622,28.014553,25.53037,689.44,500.1,0.79,1.12944
LLY,Eli Lilly and Company,Healthcare,729581092864,812.69,812.65,820.045,802.57,2585832,3780065,0.398,66.238525,35.6624,48.5789,972.53,677.09,0.74,0.77278
LIN,Linde plc,Basic Materials,222600708096,472.89,469.26,471.35,466.035,1283581,1815627,0.965,34.37206,27.57876,5.7927804,487.49,408.65,1.27,0.17013
LYV,"Live Nation Entertainment, Inc.",Communication Services,35479658496,153.06,152.83,153.215,150.58,1125529,2565878,1.456,51.891525,63.2562,329.2043,157.75,87.33,,0.68505996
LKQ,LKQ Corporation,Consumer Cyclical,8102156288,32.17,32.13,32.255,31.2411,4075962,2387219,0.941,11.492701,8.698895,1.2430917,44.82,30.06,3.73,0.11208
LMT,Lockheed Martin Corporation,Industrials,98368135168,421.17,425.9,428.86,421.18,2403846,1684436,0.276,23.64422,14.988972,18.326302,618.95,410.11,3.13,0.73056
L,Loews Corporation,Financial Services,18956607488,91.66,91.43,91.73,90.26,388025,797683,0.701,14.819673,31.172413,1.1061081,93.23,75.16,0.27,0.07998
LOW,"Lowe's Companies, Inc.",Consumer Cyclical,128895139840,226.8,226.75,231.85,225.5,3301995,2714634,0.905,19.023159,18.209818,-9.71734,287.01,206.39,2.12,
LULU,lululemon athletica inc.,Consumer Cyclical,25958526976,219.43,220.32,220.7,216.39,2352195,3070434,1.176,14.734014,14.507032,6.0603266,423.32,216.33,,0.42488998
LYB,LyondellBasell Industries NV,Basic Materials,20209633280,64.01,63.89,64.0,62.5,4636489,3960278,0.839,21.757786,7.3031363,1.663272,100.46,51.11,8.56,0.07437
MTB,M&T Bank Corporation,Financial Services,31164180480,193.77,193.73,194.29,192.54,889766,1176032,0.617,12.590791,11.925674,1.1630136,225.7,150.75,2.79,0.094890006
MPC,Marathon Petroleum Corporation,Energy,53701009408,171.57,172.7,174.955,171.8701,744408,2506855,0.86,24.077135,17.137255,3.2943215,183.31,115.1,2.12,0.15524
MKTX,"MarketAxess Holdings, Inc.",Financial Services,7787977728,211.45,210.3,211.16,207.3425,345470,464693,0.844,36.11652,25.233294,5.791132,296.68,186.84,1.44,0.16254
MAR,Marriott International,Consumer Cyclical,75537776640,279.11,278.68,280.0,275.61,1484341,1463218,1.411,31.375427,26.017925,-23.940104,307.52,204.55,0.96,
MMC,"Marsh & McLennan Companies, Inc",Financial Services,101407285248,210.4,209.46,209.6925,205.89,2007749,2221677,0.796,24.762306,21.873806,6.432269,248.0,205.89,1.71,0.28408
MLM,"Martin Marietta Materials, Inc.",Basic Materials,34717155328,585.73,585.02,584.679,572.67,271636,404809,0.872,33.001717,27.633398,3.8226354,633.23,441.95,0.54,0.1187
MAS,Masco Corporation,Industrials,14238584832,67.75,67.63,68.36,67.085,1526095,2163454,1.187,18.442623,15.271493,-56.06312,86.7,56.55,1.83,11.165561
MA,Mastercard Incorporated,Financial Services,516044849152,568.22,567.37,571.58,566.22,2492161,2719409,1.025,39.851334,34.69353,77.517395,594.71,439.59,0.54,1.8770399
MTCH,"Match Group, Inc.",Communication Services,8474993152,34.56,34.5,34.69,34.1,3851905,4474440,1.362,17.165829,13.774194,-46.47619,38.84,26.39,2.2,
MKC,"McCormick & Company, Incorporat",Consumer Defensive,19218333696,71.57,71.17,72.72,70.895,1590350,2355514,0.685,24.951221,22.951923,3.4309123,86.24,69.98,2.52,0.14122
MCD,McDonald's Corporation,Consumer Cyclical,213952184320,298.47,297.06,299.91,294.99,3069319,3532862,0.527,26.386244,23.728786,-61.93749,326.32,260.31,2.37,
MCK,McKesson Corporation,Healthcare,88217198592,711.82,716.5,716.5,701.315,583907,819029,0.48,27.481712,19.187178,-42.567505,737.89,464.42,0.4,
MDT,Medtronic plc.,Healthcare,117837488128,92.94,92.72,92.75,91.87,3545211,7873609,0.82,25.476456,15.721368,2.455021,96.25,78.97,3.06,0.09508
MRK,"Merck & Company, Inc.",Healthcare,211077169152,84.71,84.47,84.965,83.87,12846936,14926014,0.4,12.218022,8.9425535,4.375846,123.94,73.31,3.82,0.39293
META,"Meta Platforms, Inc.",Communication Services,1804358778880,712.68,715.09,724.7352,712.68,8670019,12628760,1.284,28.043377,28.364822,9.785375,747.9,450.8,0.29,0.39835
MET,"MetLife, Inc.",Financial Services,52133003264,78.56,78.41,78.5375,77.31,2275687,2777355,0.832,12.689544,8.014448,1.9018466,89.05,65.21,2.89,0.15982
MTD,"Mettler-Toledo International, I",Healthcare,26207735808,1263.99,1252.22,1275.87,1250.87,139681,183206,1.374,31.470676,29.601645,-144.01897,1546.93,946.69,,
MGM,MGM Resorts International,Consumer Cyclical,10494065664,38.44,38.4,39.29,38.4,4650869,4939601,1.768,17.214287,16.765219,3.7789102,43.99,25.3,,0.2582
MCHP,Microchip Technology Incorporat,Technology,38063276032,69.21,67.75,71.08,69.345,6746063,9328381,1.506,,27.126925,5.3679886,89.59,34.13,2.63,-7e-05
MU,"Micron Technology, Inc.",Technology,124514328576,111.26,111.83,112.0,109.86,12837402,21713713,1.349,20.045044,8.644134,2.453088,129.85,61.54,0.41,0.13109
MSFT,Microsoft Corporation,Technology,3809176715264,513.71,512.465,515.0,510.135,14247585,19951785,1.033,39.57529,34.280937,11.836028,518.29,344.79,0.65,0.3361
MAA,Mid-America Apartment Communiti,Real Estate,17939623936,151.65,151.24,151.64,149.19,463433,923909,0.751,31.049898,35.987953,2.9348767,173.38,139.6,4.0,0.09368
MRNA,"Moderna, Inc.",Healthcare,13114421248,34.15,34.34,34.7,33.702,5574600,10899393,1.847,,-3.8977013,1.3037293,125.68,23.15,,-0.29341
MHK,"Mohawk Industries, Inc.",Consumer Cyclical,7502964224,120.9,120.32,122.57,118.96,1095939,832009,1.186,15.9362545,10.762332,0.90013057,164.29,96.24,,0.05947
MOH,Molina Healthcare Inc,Healthcare,8899098624,165.02,164.52,166.745,162.0,2123053,1060980,0.554,8.096153,6.3862314,1.9261858,365.23,156.36,,0.23924999
TAP,Molson Coors Beverage Company,Consumer Defensive,10101460992,51.19,50.65,50.885,49.6338,1996422,2618380,0.687,10.044266,8.418213,0.77261186,64.66,46.94,3.67,0.07989
MDLZ,"Mondelez International, Inc.",Consumer Defensive,90093576192,70.58,70.21,70.23,69.19,7981825,7119452,0.491,25.86617,20.285715,3.4940245,76.06,53.95,2.66,0.13302
MPWR,"Monolithic Power Systems, Inc.",Technology,35361771520,714.68,725.52,741.07,721.72,522806,595798,1.202,19.684168,42.988937,10.823149,959.64,438.86,0.87,0.67946
MNST,Monster Beverage Corporation,Consumer Defensive,58719563776,60.66,60.39,60.5301,59.67,3589503,5589131,0.589,39.611843,32.19786,9.005384,64.45,43.32,,0.20004
MCO,Moody's Corporation,Financial Services,91024695296,512.95,511.33,515.71,507.005,351023,664786,1.378,43.19149,38.1006,23.05037,531.93,378.71,0.73,0.5302
MS,Morgan Stanley,Financial Services,228711858176,143.01,143.04,143.14,142.02,2613738,5726545,1.3,16.163265,17.9773,2.3599913,145.16,90.94,2.8,
MOS,Mosaic Company (The),Basic Materials,11559897088,36.9,36.67,36.84,36.23,2372579,5337670,1.131,31.413794,14.813007,0.98207784,38.23,22.36,2.38,0.03285
MSI,"Motorola Solutions, Inc.",Technology,71768875008,428.0,427.09,430.5,425.4025,957040,931940,0.955,35.89065,29.269571,43.731693,507.82,388.9,1.02,1.86885
MSCI,MSCI Inc.,Financial Services,42766708736,546.29,542.46,556.91,544.75,1513133,591290,1.315,36.632866,32.440723,-48.257526,642.45,486.74,1.32,
NDAQ,"Nasdaq, Inc.",Financial Services,54590857216,94.84,94.85,95.55,94.55,5105979,3706837,1.018,36.592308,30.299362,4.622935,95.55,64.33,1.14,0.13254
NTAP,"NetApp, Inc.",Technology,21421129728,104.94,105.09,107.13,105.36,1177160,2048554,1.415,18.85538,14.104222,20.662931,135.45,71.84,1.98,1.08509
NFLX,"Netflix, Inc.",Communication Services,499118080000,1180.49,1182.44,1197.7899,1168.53,3438880,3471242,1.596,50.004257,49.394447,20.003065,1341.15,587.04,,0.43548
NEM,Newmont Corporation,Basic Materials,72222900224,65.75,64.82,65.05,62.66,11797272,12647681,0.348,11.899066,16.62141,2.1826785,66.57,36.86,1.52,0.20285
NWSA,News Corporation,Communication Services,17377142784,29.53,29.35,29.535,29.33,2202992,3196780,1.244,35.817074,27.70755,2.0287352,30.75,23.38,0.68,0.067150004
NWS,News Corporation,Communication Services,17487360000,33.69,33.69,33.78,33.56,547470,663624,1.244,41.121952,34.496162,2.329212,35.41,26.04,0.59,0.067150004
NEE,"NextEra Energy, Inc.",Utilities,146909741056,71.85,71.9,72.3,71.0,8155943,12507234,0.66,24.857143,19.385868,2.892123,86.1,61.72,3.15,0.07592
NKE,"Nike, Inc.",Consumer Cyclical,117029552128,76.27,79.0,79.99,77.56,22584558,16831867,1.254,36.685184,24.532507,8.851653,90.62,52.28,2.1,0.23290001
NI,NiSource Inc,Utilities,19425912832,42.18,42.09,42.165,41.21,3201963,4294211,0.545,22.308107,22.188171,2.183136,42.26,30.53,2.66,0.09364
NDSN,Nordson Corporation,Industrials,12396922880,220.84,220.35,221.1,218.54,152381,393254,0.888,28.234236,21.073969,4.18776,266.86,165.03,1.41,0.15536
NSC,Norfolk Southern Corporation,Industrials,64571674624,282.38,282.35,287.98,282.35,3821462,1565786,1.303,19.537518,21.091312,4.4498653,288.11,201.63,1.91,0.24542
NTRS,Northern Trust Corporation,Financial Services,24818216960,130.03,129.83,130.13,128.72,784674,2011670,1.272,15.232393,16.986912,2.071376,133.0,80.81,2.46,0.13585
NOC,Northrop Grumman Corporation,Industrials,81416724480,569.74,569.24,570.0,563.64,679398,882662,0.149,20.966814,20.264433,5.265975,576.86,426.24,1.62,0.26501
NCLH,Norwegian Cruise Line Holdings ,Consumer Cyclical,10669751296,23.82,24.01,24.31,23.635,13926088,15130191,2.14,13.568181,11.4258375,7.476518,29.29,14.21,,0.95873
NRG,"NRG Energy, Inc.",Utilities,30996154368,156.59,158.01,159.4,157.1666,1399096,3323495,1.124,25.205086,22.97681,14.643022,168.57,65.11,1.12,0.44912997
NUE,Nucor Corporation,Basic Materials,33348136960,145.83,145.83,147.15,144.0647,2369075,2244562,1.717,25.488537,15.440172,1.6616652,170.52,97.59,1.51,0.074039996
NVDA,NVIDIA Corporation,Technology,4310508240896,173.5,173.615,176.98,173.97,136607690,194415722,2.131,55.933544,42.900486,51.410706,177.0,86.62,0.02,1.15463
NVR,"NVR, Inc.",Consumer Cyclical,21782632448,7792.93,7762.56,7907.26,7697.415,11025,19898,0.991,16.474455,15.143905,5.8826838,9964.77,6562.85,,0.38102
NXPI,NXP Semiconductors N.V.,Technology,57605758976,223.29,225.8,228.67,224.75,2924769,2707873,1.412,27.23361,17.482021,6.0200233,264.54,148.09,1.82,0.22695999
ORLY,"O'Reilly Automotive, Inc.",Consumer Cyclical,82785107968,97.66,97.65,98.44,97.08,3655932,5253996,0.583,34.885307,2.1657767,-67.21686,100.1,73.10667,,
OXY,Occidental Petroleum Corporatio,Energy,44827258880,44.71,45.1,45.61,45.025,7649381,11714765,0.846,18.441296,14.4145565,1.6238279,61.35,34.78,2.15,0.0949
ODFL,"Old Dominion Freight Line, Inc.",Industrials,34724925440,167.09,166.48,167.555,164.16,1617954,1673511,1.258,30.82927,27.85085,8.222167,233.26,144.9,0.67,0.26593
OMC,Omnicom Group Inc.,Communication Services,14457547776,76.48,76.23,76.2458,74.605,2111806,4012252,0.936,10.676681,8.637731,3.222227,107.0,68.37,3.66,0.28959
ON,ON Semiconductor Corporation,Technology,24513132544,56.92,57.68,59.28,57.35,9866151,9851995,1.431,40.73611,13.578703,3.0526645,79.45,31.04,,0.07852
OKE,"ONEOK, Inc.",Energy,51101143040,81.54,82.07,82.575,81.46,1824494,3758811,0.919,15.978516,13.703518,2.3918955,118.07,75.47,5.05,0.16409001
ORCL,Oracle Corporation,Technology,695775264768,245.12,246.0,247.77,243.42,6746436,12785785,1.394,57.076035,34.59637,33.99808,251.6,118.86,0.82,0.82382005
OTIS,Otis Worldwide Corporation,Industrials,34498551808,89.79,89.46,89.72,87.88,4694607,2766155,0.972,23.25397,20.97852,-6.426848,106.828,86.0,1.87,
PCAR,PACCAR Inc.,Industrials,52831875072,101.57,101.05,101.375,99.35,2636870,2878093,0.944,17.262436,12.969071,2.789821,118.81,84.65,1.3,0.16771
PKG,Packaging Corporation of Americ,Consumer Cyclical,18372116480,206.53,205.59,206.04,203.545,382441,744767,0.842,20.377243,18.16548,4.0522356,250.82,172.72,2.42,
PLTR,Palantir Technologies Inc.,Technology,372582580224,158.8,155.665,160.2799,153.07,63477513,82457367,2.593,657.8334,335.91492,68.67334,160.39,21.23,,0.12357
PANW,"Palo Alto Networks, Inc.",Technology,136360599552,203.27,203.78,204.9499,202.51,2128355,4812516,0.971,116.85714,28.402779,18.83404,208.39,142.01,,0.21162
PARA,Paramount Global,Communication Services,9203827712,13.05,12.992,13.31,12.79,23029547,8004819,1.213,,8.0,0.5314423,13.59,9.95,1.53,-0.27754998
PH,Parker-Hannifin Corporation,Industrials,94435606528,738.82,740.36,745.345,736.065,446110,624429,1.333,28.414455,25.10394,7.0521665,745.35,488.45,0.97,0.27146998
PAYX,"Paychex, Inc.",Technology,52689285120,147.99,148.03,148.11,146.0,1446960,2118318,0.874,32.004375,27.648392,12.772683,161.24,122.07,2.92,0.41804
PAYC,"Paycom Software, Inc.",Technology,13244777472,238.8,239.0,239.6199,235.6,346159,589900,0.778,33.680912,27.114677,7.456323,267.76,152.455,0.63,0.24987
PYPL,"PayPal Holdings, Inc.",Financial Services,76071534592,77.98,78.475,79.5,77.93,14931364,9405295,1.452,17.57753,15.995911,3.780936,93.66,55.85,,0.22198999
PNR,Pentair plc.,Industrials,16940630016,103.08,103.05,103.49,102.18,1114984,1433855,1.094,28.23497,21.307217,4.613187,110.71,74.25,0.97,0.17153999
PEP,"Pepsico, Inc.",Consumer Defensive,193820672000,143.45,144.8,143.1,141.46,10447227,9766506,0.461,25.786888,16.404404,10.530349,180.91,127.6,3.97,0.39859
PFE,"Pfizer, Inc.",Healthcare,138211344384,24.79,24.675,24.73,24.235,25677280,41198334,0.496,17.615942,8.296928,1.5297967,31.54,20.92,6.94,0.0862
PCG,Pacific Gas & Electric Co.,Utilities,30723567616,14.08,14.0,14.08,13.8545,15022850,24230270,0.552,12.825687,9.445946,1.0555723,21.72,12.97,0.71,0.08257
PM,Philip Morris International Inc,Consumer Defensive,245583200256,160.92,159.6,160.6,155.7401,8674959,5564406,0.535,23.338757,21.9125,-20.524263,186.69,113.15,3.36,
PSX,Phillips 66,Energy,52025630720,124.97,125.56,127.825,125.555,2690173,3347786,0.998,28.759008,13.455216,1.9082704,150.12,91.01,3.84,
PNW,Pinnacle West Capital Corporati,Utilities,10589497344,90.91,90.87,91.125,88.69,990969,1181886,0.419,17.562376,18.950855,1.5714868,96.5,81.47,3.94,0.0919
PNC,"PNC Financial Services Group, I",Financial Services,76421464064,196.05,196.03,196.5,193.06,1483979,2280862,1.075,13.258373,12.922718,1.326599,216.26,145.12,3.47,0.11373
POOL,Pool Corporation,Industrials,12086105088,324.9,324.82,326.63,320.14,547500,637778,1.101,29.684212,26.723194,9.22309,395.6,282.22,1.54,0.30175
PPG,"PPG Industries, Inc.",Basic Materials,25868341248,115.95,115.24,115.7,113.87,1193281,1799175,1.15,20.17168,12.877966,3.7348845,137.24,90.24,2.45,0.1765
PPL,PPL Corporation,Utilities,26399117312,36.57,36.55,36.57,35.665,4133820,5438472,0.653,26.649252,19.51366,1.845955,36.99,29.58,2.98,0.07018
PFG,Principal Financial Group Inc,Financial Services,18022715392,81.05,80.5,81.14,79.97,1581000,1129322,0.988,17.214132,9.524882,1.6123468,91.98,68.39,3.75,0.09733
PG,Procter & Gamble Company (The),Consumer Defensive,368350658560,158.3,157.625,158.07,156.23,7870360,8048373,0.403,24.938095,21.173855,7.15372,180.43,151.9,2.67,0.30294
PGR,Progressive Corporation (The),Financial Services,141262405632,250.1,249.24,249.3119,239.11,4530202,3483085,0.371,13.5681305,17.461594,4.3325124,292.99,208.13,1.96,0.37293997
PLD,"Prologis, Inc.",Real Estate,99399434240,110.29,110.0,110.28,107.07,2829272,4416954,1.246,26.713217,30.43182,1.8862476,132.57,85.35,3.66,0.06365
PRU,"Prudential Financial, Inc.",Financial Services,36728225792,105.21,105.0,104.95,103.4,1648191,1630314,1.042,16.364353,7.062628,1.2290615,130.55,90.38,5.13,0.07908
PEG,Public Service Enterprise Group,Utilities,43382890496,87.58,87.56,87.5,86.47,1260516,2990681,0.5,23.754099,21.36118,2.650125,95.22,74.67,2.88,0.11399999
PTC,PTC Inc.,Technology,24469391360,204.51,203.0,204.89,202.5862,662217,1089147,1.173,56.198345,29.142857,7.2243075,213.14,133.38,,0.13915
PSA,Public Storage,Real Estate,50171510784,287.76,286.78,289.71,285.82,694712,826422,0.853,28.400198,26.904043,9.618282,369.99,256.6,4.17,0.20121
PHM,"PulteGroup, Inc.",Consumer Cyclical,23048351744,116.35,116.14,117.605,115.0254,1074491,2028503,1.299,8.744012,8.653334,1.8356668,149.47,88.07,0.76,0.23048
PWR,"Quanta Services, Inc.",Industrials,61056507904,421.68,418.99,417.96,409.13,1902955,1186168,1.078,66.45,40.550198,8.191796,424.94,227.08,0.09,0.13731
QCOM,QUALCOMM Incorporated,Technology,176832905216,158.4,158.89,161.96,159.19,9597025,8231345,1.266,16.15346,13.168439,6.389098,182.1,120.8,2.25,0.42205003
DGX,Quest Diagnostics Incorporated,Healthcare,18769491968,168.55,167.59,168.76,165.7769,900477,1140708,0.493,20.1259,17.197746,2.600874,182.38,140.71,1.9,0.1426
RL,Ralph Lauren Corporation,Consumer Cyclical,18276085760,298.23,300.92,303.25,298.55,476186,718052,1.503,26.010344,23.173578,7.1686187,303.64,155.96,1.22,0.29487
RJF,"Raymond James Financial, Inc.",Financial Services,33483999232,168.53,168.37,168.95,166.96,572672,1112000,1.038,16.413725,15.028725,2.8031342,174.32,104.24,1.19,
RTX,RTX Corporation,Industrials,209990647808,156.88,157.15,157.3282,155.6301,4021648,5439665,0.626,34.452538,25.543373,3.3479922,157.33,112.27,1.73,0.10318
O,Realty Income Corporation,Real Estate,51349131264,57.9,57.895,57.895,56.85,3409170,5450029,0.762,51.69091,35.761005,1.3155642,64.88,50.71,5.58,0.02507
REG,Regency Centers Corporation,Real Estate,12790916096,71.18,71.72,71.05,69.8937,951738,1066609,1.006,33.194313,33.352383,1.9585582,78.18,63.44,3.96,0.05821
REGN,"Regeneron Pharmaceuticals, Inc.",Healthcare,60312489984,563.1,563.89,567.9483,558.54,587616,1268629,0.324,14.192835,12.329066,2.0130594,1211.2,476.49,0.63,0.15961
RF,Regions Financial Corporation,Financial Services,23641858048,26.42,26.44,26.51,26.173,19108389,9810862,0.99,12.289719,11.637168,1.3593136,27.96,17.74,4.01,0.11568
RSG,"Republic Services, Inc.",Industrials,75439898624,245.16,244.42,244.79,241.19,989239,1326900,0.619,36.46677,35.44934,6.4580936,258.75,192.11,0.95,0.18545
RMD,ResMed Inc.,Healthcare,40102486016,275.16,273.05,274.61,270.87,1020620,856759,0.774,30.661434,26.579203,7.230285,275.8,199.92,0.77,0.25811002
RVTY,"Revvity, Inc.",Healthcare,11202364416,103.67,93.925,96.08,92.62,4793951,1252678,0.98,39.272728,18.418606,1.495539,129.5,87.7,0.27,0.03824
ROK,"Rockwell Automation, Inc.",Industrials,40130277376,358.52,359.97,359.97,355.84,520230,905754,1.37,44.95328,31.230703,11.669289,360.92,215.0,1.46,0.24438
ROL,"Rollins, Inc.",Consumer Cyclical,27750486016,58.09,57.91,58.2,57.19,1456090,1798963,0.751,56.69307,51.125,19.221214,58.65,45.34,1.14,0.36518002
ROP,"Roper Technologies, Inc.",Technology,60104114176,563.03,561.62,564.155,558.76,437133,556629,1.02,39.25773,27.923576,3.0636652,595.17,499.47,0.59,0.081520006
ROST,"Ross Stores, Inc.",Consumer Cyclical,46058143744,138.33,138.675,140.99,138.675,2626061,3268022,1.116,22.211357,21.049328,8.267967,163.6,122.36,1.17,0.39566
RCL,Royal Caribbean Cruises Ltd.,Consumer Cyclical,95589122048,352.8,351.63,354.34,348.68,2415919,2237903,2.177,28.664495,24.63261,12.008324,355.91,130.08,0.85,0.48519
SPGI,S&P Global Inc.,Financial Services,162667724800,534.95,533.33,535.38,530.04,877314,1102624,1.187,41.66614,31.553242,4.8747783,545.39,427.14,0.72,0.11241
CRM,"Salesforce, Inc.",Technology,258359001088,269.11,269.5,270.34,266.59,3617296,7323939,1.366,42.358932,24.281221,4.2675996,369.0,230.0,0.62,0.10312
SBAC,SBA Communications Corporation,Real Estate,24363153408,233.92,232.21,233.41,226.46,580300,722983,0.775,29.993387,24.727371,-4.927955,252.64,192.55,1.9,
SLB,Schlumberger N.V.,Energy,53700120576,35.47,35.65,36.185,35.56,10063218,16029104,1.017,12.162162,9.809264,2.3960068,48.57,31.11,3.21,0.19224001
STX,Seagate Technology Holdings PLC,Technology,31930169344,150.89,151.48,152.04,150.01,2581651,4201881,1.47,21.648922,15.511341,-38.52023,153.88,63.19,1.91,
SRE,DBA Sempra,Utilities,52375769088,80.82,80.72,80.735,79.82,2973048,3668183,0.637,17.650549,15.624514,1.7024208,95.77,61.9,3.19,0.09709
NOW,"ServiceNow, Inc.",Technology,204561858560,968.79,976.0,995.5948,975.98,1291715,1364250,0.946,124.14987,59.026943,18.712034,1198.09,678.66,,0.16951
SHW,Sherwin-Williams Company (The),Basic Materials,83815776256,340.1,338.03,340.6,334.32,1912969,1588252,1.182,33.382324,26.3036,18.973867,400.42,308.84,0.93,0.62431
SPG,"Simon Property Group, Inc.",Real Estate,62333534208,167.11,166.78,167.52,165.1,1090166,1586811,1.461,26.31847,24.37758,21.036018,190.14,136.34,5.03,0.67307
SWKS,"Skyworks Solutions, Inc.",Technology,10707200000,71.53,72.19,72.32,71.11,2120183,3271214,1.167,27.859375,11.14375,1.844133,120.07,47.93,3.91,0.06701
SJM,The J.M. Smucker Company,Consumer Defensive,11596550144,109.02,108.41,109.97,107.55,1197590,1980970,0.292,,10.322887,1.9018791,125.42,93.3,4.04,-0.17868
SW,Smurfit WestRock plc,Consumer Cyclical,25333288960,48.85,48.81,49.015,48.18,2509389,3467760,1.002,59.182926,13.443213,1.4140443,56.986,37.01,3.55,0.04226
SNA,Snap-On Incorporated,Industrials,17032914944,330.27,329.42,330.4331,326.225,255494,345083,0.744,17.40565,16.229124,2.9800224,373.9,266.56,2.59,0.18558
SOLV,Solventum Corporation,Healthcare,12763167744,74.75,74.76,74.76,73.655,399539,942360,,33.995388,13.339963,3.91249,85.92,54.26,,0.10657
SO,Southern Company (The),Utilities,103747919872,95.35,95.2,95.3221,93.96,4740552,5281109,0.365,22.613909,21.828703,3.0627823,96.44,80.46,3.1,0.12244
LUV,Southwest Airlines Company,Industrials,17079113728,33.21,33.0,33.06,32.125,13354628,12062585,1.204,50.8125,20.45283,2.1348388,37.96,23.58,2.17,0.04246
SWK,"Stanley Black & Decker, Inc.",Industrials,11437931520,73.9,73.85,74.925,73.1,2910995,2608919,1.172,31.326273,13.466303,1.2934322,110.88,53.91,4.49,0.04032
SBUX,Starbucks Corporation,Consumer Cyclical,107298988032,94.42,94.94,95.74,93.46,10318458,9850362,1.004,34.311356,25.180107,-13.961842,117.46,72.72,2.58,
STT,State Street Corporation,Financial Services,32111443968,112.93,112.67,113.0,111.83,899427,2011321,1.474,12.634831,12.039614,1.35218,113.72,72.81,2.98,0.109469995
STLD,"Steel Dynamics, Inc.",Basic Materials,19332423680,130.83,130.52,131.39,129.555,996579,1417122,1.381,18.900581,12.970618,2.180009,155.56,103.17,1.53,0.11686
STE,STERIS plc (Ireland),Healthcare,22283982848,230.46,229.61,230.56,226.235,271419,673027,0.924,36.834145,22.721163,3.3722365,252.79,200.98,0.99,0.09458999
SYK,Stryker Corporation,Healthcare,153129697280,403.53,402.59,404.14,399.25,689967,1253293,0.922,54.294037,29.614931,7.3162675,406.19,314.93,0.83,0.14259
SMCI,"Super Micro Computer, Inc.",Technology,35838918656,54.47,52.145,60.08,55.3,70631071,45654349,1.425,32.635868,14.162737,5.6173997,72.445,17.25,,0.20062
SYF,Synchrony Financial,Financial Services,27111866368,72.9,73.04,73.28,72.54,2102554,3508239,1.452,8.854193,11.262752,1.7230617,73.42,40.545,1.65,0.20233
SNPS,"Synopsys, Inc.",Technology,109662625792,601.55,609.66,607.71,588.37,1728091,1660260,1.123,68.43303,39.85407,9.2725935,618.49,365.74,,0.15551
SYY,Sysco Corporation,Consumer Defensive,38949822464,80.3,80.03,80.93,79.8701,3616027,2828047,0.817,20.762274,16.3313,20.264816,82.23,67.12,2.69,0.93613
TMUS,"T-Mobile US, Inc.",Communication Services,268063801344,243.55,242.6584,242.955,237.28,3700511,4468806,0.611,22.491974,22.323336,4.3947306,276.49,173.74,1.45,0.19743
TROW,"T. Rowe Price Group, Inc.",Financial Services,23353495552,106.93,107.64,107.07,105.2121,1306453,1607309,1.506,12.031781,11.336898,2.2542639,125.81,77.85,4.75,0.18447
TTWO,"Take-Two Interactive Software, ",Communication Services,41350754304,224.75,227.875,228.66,224.4122,1374780,2306463,1.035,,28.839287,18.730843,245.08,135.24,,-1.1476101
TPR,"Tapestry, Inc.",Consumer Cyclical,22933129216,108.34,108.67,110.44,108.52,2318562,3872777,1.485,29.057894,23.197477,15.35317,110.44,35.23,1.29,0.40273
TRGP,"Targa Resources, Inc.",Energy,36297064448,165.6,167.27,168.6775,165.99,782204,1868022,1.077,30.814,20.256659,14.8425455,218.51,122.56,2.42,0.41976002
TGT,Target Corporation,Consumer Defensive,48358174720,106.05,106.22,106.795,105.25,3042761,6673350,1.214,11.695604,10.126546,3.2353477,167.4,87.35,4.24,0.29076
TEL,TE Connectivity plc,Technology,61856198656,208.06,206.73,210.05,205.76,1874260,1807281,1.221,43.074074,23.285873,5.0021505,210.05,116.3,1.36,0.11512
TDY,Teledyne Technologies Incorpora,Technology,26098757632,555.89,556.0,561.745,552.33,387474,389788,1.044,30.737307,25.953403,2.5441027,570.56,397.78,,0.08732
TER,"Teradyne, Inc.",Technology,14620679168,90.15,91.755,92.32,90.79,3502510,3147060,1.695,25.818697,21.444706,5.234622,144.16,65.77,0.53,0.21551001
TSLA,"Tesla, Inc.",Consumer Cyclical,1050174226432,316.06,318.21,330.48,315.69,109818684,109077278,2.398,193.80357,100.49074,13.576998,488.54,182.0,,0.08177
TXN,Texas Instruments Incorporated,Technology,172028248064,184.99,185.7,190.54,187.7501,8538085,6868732,1.016,35.910816,32.185375,10.48767,221.69,139.95,2.94,0.29990998
TPL,Texas Pacific Land Corporation,Energy,22511306752,979.29,990.2,1001.475,964.19,123197,145973,1.092,49.024597,13.355717,18.610195,1769.14,736.75,0.65,0.39523998
TXT,Textron Inc.,Industrials,13999783936,79.5,80.02,80.24,78.355,1961078,1561136,1.169,17.693693,11.725373,1.8829393,93.98,57.7,0.1,0.114250004
TMO,Thermo Fisher Scientific Inc,Healthcare,183069491200,478.32,475.44,487.11,474.89,3412147,2928903,0.772,28.0,20.64538,3.6317344,627.88,385.46,0.36,0.13418001
TJX,"TJX Companies, Inc. (The)",Consumer Cyclical,139887591424,126.44,126.34,127.13,124.85,6114368,5281749,0.881,29.503529,27.258696,16.455381,135.85,107.71,1.34,0.60356
TKO,"TKO Group Holdings, Inc.",Communication Services,13957569536,170.05,170.02,171.01,167.89,534843,939585,,87.11224,52.697533,3.3529055,182.6,102.46,0.89,0.043169998
TTD,"The Trade Desk, Inc.",Communication Services,43250302976,86.14,86.6,88.65,86.435,7494777,11149126,1.362,107.87805,45.834198,15.999277,141.53,42.96,,0.16878
TSCO,Tractor Supply Company,Consumer Cyclical,31456919552,59.33,59.0,59.2068,57.78,7398157,6074278,0.748,29.201006,5.221024,12.374361,63.99,46.85,1.55,0.45345002
TT,Trane Technologies plc,Industrials,105384927232,472.07,473.79,476.185,469.415,1209811,1278091,1.156,38.924217,37.354942,14.098518,476.19,298.15,0.8,0.38632
TDG,Transdigm Group Incorporated,Industrials,90226270208,1607.45,1617.45,1611.275,1597.7291,119134,268347,1.039,54.306625,36.94549,-15.92614,1617.45,1176.31,,
TRV,"The Travelers Companies, Inc.",Financial Services,57388908544,261.05,260.0,260.235,254.25,1271224,1232309,0.519,11.274215,11.995765,1.9439044,277.83,206.43,1.69,0.19294001
TRMB,Trimble Inc.,Technology,20296597504,85.24,85.31,86.42,84.675,2742521,1471391,1.674,13.87765,28.54698,3.7236276,86.42,48.65,,0.30996
TFC,Truist Financial Corporation,Financial Services,59047157760,45.65,45.59,45.7,44.83,5655945,7757321,0.83,12.219512,11.41519,0.98654413,49.06,33.56,4.56,0.08128
TYL,"Tyler Technologies, Inc.",Technology,23996504064,556.46,558.55,557.76,552.44,572317,279934,0.848,84.0574,51.38135,6.829658,661.31,513.52,,0.08871
TSN,"Tyson Foods, Inc.",Consumer Defensive,19040706560,53.94,53.63,53.92,53.06,2213767,3000613,0.577,20.797667,15.271429,1.0348299,66.88,52.71,3.71,0.051149998
USB,U.S. Bancorp,Financial Services,71809597440,46.32,46.25,46.36,45.8447,6596703,10162534,1.015,11.026317,10.644342,1.3144536,53.98,35.18,4.32,0.11667
UBER,"Uber Technologies, Inc.",Technology,189460004864,91.29,91.31,92.35,90.24,11515003,21334062,1.395,15.8668995,38.38983,8.624464,97.715,54.84,,0.69382006
UDR,"UDR, Inc.",Real Estate,15042141184,40.41,40.08,40.465,39.86,1261216,2148931,0.819,110.833336,84.89362,4.018936,47.55,36.61,4.26,0.02848
ULTA,"Ulta Beauty, Inc.",Consumer Cyclical,23338903552,514.95,514.96,520.72,513.55,528439,766683,1.077,20.291912,22.705292,9.623953,520.87,309.01,,0.50435
UNP,Union Pacific Corporation,Industrials,135949402112,224.74,225.22,230.97,224.82,6267887,3344609,1.049,19.916594,18.929811,8.361541,258.07,204.66,2.46,0.42355
UAL,"United Airlines Holdings, Inc.",Industrials,29922549760,91.11,89.5,93.08,90.6,4996821,7695291,1.42,9.270812,7.645161,2.2380145,116.0,37.02,,0.27708
UPS,"United Parcel Service, Inc.",Industrials,86017744896,103.56,103.06,103.37,101.29,5989027,5214757,1.186,14.829198,11.530079,5.4940777,145.01,90.55,6.33,0.35908002
URI,"United Rentals, Inc.",Industrials,57872338944,890.0,890.0,903.605,887.2,806431,569580,1.695,23.283976,19.194622,6.4161897,903.61,525.91,0.8,0.29302
UNH,UnitedHealth Group Incorporated,Healthcare,255922323456,281.06,283.5,285.0,279.74,14375438,18734370,0.457,11.809125,9.4354515,2.7013416,630.73,248.88,3.15,0.22700001
UHS,"Universal Health Services, Inc.",Healthcare,9985039360,155.6,156.29,158.36,154.1,1472263,870919,1.285,8.705056,8.532489,1.4715099,243.25,152.96,0.51,0.18473
VLO,Valero Energy Corporation,Energy,44966875136,141.97,142.87,144.965,142.725,1778950,3185359,0.967,58.366936,15.000001,1.8675731,167.78,99.0,3.18,0.02757
VTR,"Ventas, Inc.",Real Estate,29443258368,66.46,66.29,66.48,65.15,1321292,3204791,0.89,197.66667,407.68753,2.5646772,71.36,54.28,2.89,0.01381
VLTO,Veralto Corp,Industrials,25554468864,103.28,102.51,103.61,101.79,2080577,1231796,,29.457142,27.493334,11.097955,115.0,83.865,0.43,0.46036
VRSN,"VeriSign, Inc.",Technology,28578533376,305.79,305.0,310.6,304.84,476534,772911,0.778,36.513126,35.373413,-14.364584,310.6,172.49,1.01,
VRSK,"Verisk Analytics, Inc.",Industrials,41186045952,297.96,297.0,297.45,294.08,616761,842572,0.862,43.362297,40.388203,334.96017,322.92,257.59,0.6,4.68222
VZ,Verizon Communications Inc.,Communication Services,178603311104,43.08,43.02,42.91,42.24,18231551,17708172,0.372,9.851163,8.955603,1.7329406,47.36,37.59,6.29,0.18454
VRTX,Vertex Pharmaceuticals Incorpor,Healthcare,118339756032,469.65,467.85,471.0,460.73,2103938,1529993,0.413,,24.55141,7.1784844,519.88,377.85,,-0.05644
VTRS,Viatris Inc.,Healthcare,10868277248,9.41,9.355,9.38,9.22,5364688,13054722,0.889,,3.4681647,0.7016215,13.55,6.85,5.1,-0.21254
VICI,VICI Properties Inc.,Real Estate,34332510208,33.38,33.29,33.43,32.485,4048031,5892073,0.721,12.996,11.901099,1.2902074,34.29,27.98,5.18,0.1012
V,Visa Inc.,Financial Services,694410674176,357.04,356.38,358.32,354.73,3918488,6193303,0.922,35.68976,28.0782,17.952124,375.51,254.51,0.66,0.50655
VST,Vistra Corp.,Utilities,66468352000,192.2,193.11,196.27,190.51,3204199,5597880,1.279,31.04279,28.388407,28.35553,207.12,66.5,0.47,0.41676
VMC,Vulcan Materials Company (Holdi,Basic Materials,35682611200,274.83,274.0,276.3975,268.67,1018815,1004781,0.817,37.9368,29.747795,4.3866825,298.31,215.08,0.71,0.120749995
WRB,W.R. Berkley Corporation,Financial Services,25798178816,68.99,68.82,68.87,67.8075,2013337,1824578,0.417,15.454545,15.632184,2.893617,76.38,53.65,0.52,
GWW,"W.W. Grainger, Inc.",Industrials,50362855424,1054.02,1051.93,1054.46,1042.844,110730,264434,1.18,26.881283,24.895987,14.482649,1227.66,893.99,0.86,0.5416
WAB,Westinghouse Air Brake Technolo,Industrials,33679448064,197.21,198.79,199.195,195.44,1354703,927511,1.119,29.316965,23.204947,3.1171975,216.1,147.66,0.51,0.109060004
WBA,"Walgreens Boots Alliance, Inc.",Healthcare,10066475008,11.61,11.59,11.63,11.59,7170449,8219732,0.748,,7.9115644,1.4008672,13.25,8.08,8.61,-0.69577
WMT,Walmart Inc.,Consumer Defensive,778968825856,97.47,97.28,98.12,97.08,12284533,16465832,0.677,41.713676,35.88603,9.303279,105.3,66.67,0.96,0.21783
DIS,Walt Disney Company (The),Communication Services,216395169792,121.47,121.03,121.4,119.8889,4726305,9714114,1.561,24.565306,23.372816,2.0777092,124.69,80.1,0.82,0.08894
WBD,"Warner Bros. Discovery, Inc. - ",Communication Services,33894758400,13.49,13.52,13.865,13.49,95791942,58087649,1.544,,-105.38462,1.0013156,13.87,6.64,,-0.27281
WM,"Waste Management, Inc.",Industrials,91708784640,229.67,229.0,229.96,227.2,1427501,1637421,0.642,34.32229,28.240396,10.6009865,242.58,199.69,1.44,0.34013999
WAT,Waters Corporation,Healthcare,17993170944,302.95,300.11,305.87,299.475,683245,692175,1.101,27.41251,23.384377,9.167146,423.56,279.62,,0.40822
WEC,"WEC Energy Group, Inc.",Utilities,34306906112,109.52,109.29,109.07,107.41,1316085,2059745,0.424,20.955166,20.59387,2.6439412,111.0,83.82,3.26,0.12579
WFC,Wells Fargo & Company,Financial Services,271541698560,84.32,84.32,84.45,82.71,10622873,17385506,1.157,14.497382,15.131148,1.6262088,84.83,50.15,1.9,0.114980005
WELL,Welltower Inc.,Real Estate,103514054656,161.56,161.2,161.23,158.24,1696313,2888334,0.904,89.9375,86.97252,3.0387788,162.26,110.74,1.66,0.0348
WST,"West Pharmaceutical Services, I",Healthcare,18534825984,263.51,261.03,262.1,256.67,875003,716701,1.088,38.58683,34.276596,6.327107,352.33,187.43,0.33,0.17716
WDC,Western Digital Corporation,Technology,24067350528,68.82,69.4,69.56,68.665,4380195,6515921,1.592,23.625,7.830306,4.6504655,69.72,28.83,0.58,0.13558
WY,Weyerhaeuser Company,Real Estate,18681090048,26.47,26.23,26.385,25.84,4401862,4434390,1.152,68.10526,30.093021,1.9614975,34.03,24.1,3.17,0.02851
WSM,"Williams-Sonoma, Inc.",Consumer Cyclical,23151912960,181.71,182.88,188.905,181.32,1232377,1626113,1.455,21.760695,23.152521,10.711927,219.98,125.33,1.45,0.50154996
WMB,"Williams Companies, Inc. (The)",Energy,70220283904,57.82,58.14,58.23,57.23,5337428,7821500,0.676,30.919353,27.516747,5.639341,63.45,40.41,3.46,0.16197
WTW,Willis Towers Watson Public Lim,Financial Services,30671990784,313.11,311.96,312.42,308.84,605657,636262,0.687,,17.100609,3.7736197,344.14,271.01,1.18,-0.00484
WDAY,"Workday, Inc.",Technology,63460511744,241.74,240.61,241.5,237.64,1524394,2201063,1.21,132.98325,28.679516,7.1260924,294.0,199.81,,0.05702
WYNN,"Wynn Resorts, Limited",Consumer Cyclical,11633723392,109.44,109.67,111.44,109.19,1386772,2253134,1.364,29.751335,22.165339,-32.34593,112.36,65.25,0.91,
XEL,Xcel Energy Inc.,Utilities,41030778880,72.66,72.9,72.78,71.01,3280433,3365378,0.372,20.923529,18.574413,2.0710938,73.56,56.69,3.14,0.102589995
XYL,Xylem Inc.,Industrials,32185602048,132.57,132.55,132.99,131.89,822561,1225768,1.115,35.649593,27.84421,2.9763484,143.5,100.47,1.21,0.08505
YUM,"Yum! Brands, Inc.",Consumer Cyclical,40107565056,146.7,145.84,146.59,144.26,1333253,1870562,0.733,28.743027,23.731907,-5.139997,163.3,122.13,1.94,
ZBRA,Zebra Technologies Corporation,Technology,17020426240,335.69,337.8,337.8,334.37,287091,485814,1.751,31.664145,20.86596,4.720193,427.76,205.73,,0.16159001
ZBH,"Zimmer Biomet Holdings, Inc.",Healthcare,19300042752,97.55,96.91,97.155,95.74,1016350,2233837,0.71,21.714933,11.160465,1.5324191,116.71,89.22,0.98,0.07318
ZTS,Zoetis Inc.,Healthcare,67115106304,152.12,152.27,152.47,150.35,1870767,3084704,0.911,27.06463,23.777601,14.445189,200.33,139.7,1.31,0.52085996
